timestamp_s,x_m,y_m,speed_kmh,heading_rad
0.000,0.2401,0.0000,43.223,0.00000
0.020,0.4801,0.0000,43.199,0.00001
0.040,0.7208,0.0000,43.314,0.00002
0.060,0.9615,0.0000,43.333,0.00004
0.080,1.2017,0.0000,43.237,0.00007
0.100,1.4423,0.0001,43.302,0.00011
0.120,1.6841,0.0001,43.536,0.00016
0.140,1.9269,0.0002,43.707,0.00021
0.160,2.1691,0.0002,43.580,0.00027
0.180,2.4099,0.0003,43.352,0.00034
0.200,2.6501,0.0004,43.240,0.00041
0.220,2.8904,0.0005,43.248,0.00049
0.240,3.1283,0.0007,42.829,0.00058
0.260,3.3661,0.0008,42.790,0.00068
0.280,3.6025,0.0010,42.566,0.00079
0.300,3.8383,0.0012,42.434,0.00090
0.320,4.0735,0.0015,42.336,0.00102
0.340,4.3084,0.0017,42.279,0.00115
0.360,4.5436,0.0020,42.353,0.00128
0.380,4.7800,0.0024,42.541,0.00142
0.400,5.0162,0.0027,42.517,0.00157
0.420,5.2538,0.0031,42.763,0.00173
0.440,5.4907,0.0036,42.644,0.00190
0.460,5.7279,0.0041,42.707,0.00207
0.480,5.9661,0.0046,42.870,0.00225
0.500,6.2044,0.0052,42.886,0.00244
0.520,6.4419,0.0058,42.753,0.00263
0.540,6.6785,0.0065,42.587,0.00283
0.560,6.9146,0.0072,42.504,0.00304
0.580,7.1509,0.0080,42.544,0.00326
0.600,7.3863,0.0088,42.362,0.00349
0.620,7.6214,0.0097,42.325,0.00372
0.640,7.8564,0.0106,42.296,0.00396
0.660,8.0919,0.0116,42.393,0.00421
0.680,8.3276,0.0127,42.432,0.00446
0.700,8.5637,0.0138,42.496,0.00472
0.720,8.7992,0.0149,42.378,0.00499
0.740,9.0345,0.0162,42.355,0.00527
0.760,9.2706,0.0175,42.496,0.00555
0.780,9.5081,0.0189,42.765,0.00585
0.800,9.7444,0.0203,42.538,0.00614
0.820,9.9823,0.0219,42.811,0.00645
0.840,10.2215,0.0235,43.053,0.00677
0.860,10.4614,0.0252,43.194,0.00709
0.880,10.7016,0.0270,43.241,0.00742
0.900,10.9415,0.0288,43.185,0.00775
0.920,11.1829,0.0308,43.447,0.00810
0.940,11.4262,0.0328,43.800,0.00845
0.960,11.6714,0.0350,44.124,0.00881
0.980,11.9178,0.0373,44.361,0.00918
1.000,12.1646,0.0396,44.425,0.00955
1.020,12.4102,0.0421,44.208,0.00993
1.040,12.6558,0.0446,44.207,0.01032
1.060,12.9020,0.0472,44.325,0.01072
1.080,13.1469,0.0500,44.093,0.01112
1.100,13.3923,0.0528,44.164,0.01153
1.120,13.6381,0.0557,44.242,0.01195
1.140,13.8845,0.0588,44.367,0.01238
1.160,14.1298,0.0619,44.154,0.01281
1.180,14.3744,0.0652,44.035,0.01325
1.200,14.6186,0.0685,43.956,0.01370
1.220,14.8616,0.0719,43.746,0.01415
1.240,15.1064,0.0755,44.059,0.01462
1.260,15.3506,0.0792,43.969,0.01509
1.280,15.5952,0.0830,44.029,0.01557
1.300,15.8395,0.0869,43.982,0.01605
1.320,16.0854,0.0910,44.267,0.01654
1.340,16.3326,0.0952,44.505,0.01704
1.360,16.5804,0.0996,44.619,0.01755
1.380,16.8261,0.1040,44.222,0.01807
1.400,17.0718,0.1086,44.232,0.01859
1.420,17.3181,0.1133,44.355,0.01912
1.440,17.5655,0.1181,44.535,0.01966
1.460,17.8123,0.1231,44.424,0.02020
1.480,18.0608,0.1283,44.752,0.02075
1.500,18.3081,0.1336,44.514,0.02131
1.520,18.5547,0.1390,44.395,0.02188
1.540,18.8022,0.1445,44.564,0.02245
1.560,19.0497,0.1502,44.572,0.02303
1.580,19.2993,0.1561,44.933,0.02362
1.600,19.5490,0.1622,44.967,0.02422
1.620,19.7981,0.1684,44.853,0.02482
1.640,20.0469,0.1747,44.785,0.02543
1.660,20.2945,0.1811,44.589,0.02605
1.680,20.5408,0.1877,44.359,0.02668
1.700,20.7878,0.1944,44.472,0.02731
1.720,21.0354,0.2014,44.577,0.02795
1.740,21.2842,0.2085,44.810,0.02860
1.760,21.5323,0.2157,44.674,0.02925
1.780,21.7821,0.2232,44.978,0.02991
1.800,22.0315,0.2309,44.926,0.03058
1.820,22.2826,0.2387,45.210,0.03126
1.840,22.5332,0.2467,45.132,0.03194
1.860,22.7830,0.2549,44.999,0.03263
1.880,23.0331,0.2632,45.044,0.03333
1.900,23.2843,0.2718,45.230,0.03404
1.920,23.5356,0.2805,45.259,0.03475
1.940,23.7862,0.2894,45.153,0.03547
1.960,24.0356,0.2984,44.912,0.03620
1.980,24.2835,0.3076,44.660,0.03693
2.000,24.5320,0.3169,44.750,0.03768
2.020,24.7814,0.3265,44.928,0.03843
2.040,25.0306,0.3363,44.899,0.03918
2.060,25.2788,0.3462,44.705,0.03995
2.080,25.5278,0.3564,44.863,0.04072
2.100,25.7756,0.3667,44.632,0.04150
2.120,26.0226,0.3771,44.504,0.04228
2.140,26.2702,0.3878,44.616,0.04307
2.160,26.5156,0.3986,44.210,0.04387
2.180,26.7614,0.4095,44.280,0.04468
2.200,27.0065,0.4207,44.175,0.04550
2.220,27.2518,0.4321,44.195,0.04632
2.240,27.4970,0.4436,44.181,0.04715
2.260,27.7423,0.4554,44.218,0.04798
2.280,27.9884,0.4674,44.343,0.04883
2.300,28.2337,0.4796,44.206,0.04968
2.320,28.4804,0.4921,44.462,0.05054
2.340,28.7278,0.5048,44.593,0.05140
2.360,28.9760,0.5178,44.745,0.05227
2.380,29.2254,0.5311,44.954,0.05315
2.400,29.4756,0.5446,45.096,0.05404
2.420,29.7266,0.5584,45.248,0.05493
2.440,29.9777,0.5725,45.262,0.05583
2.460,30.2273,0.5866,45.005,0.05674
2.480,30.4768,0.6010,44.980,0.05766
2.500,30.7254,0.6156,44.842,0.05858
2.520,30.9727,0.6304,44.586,0.05951
2.540,31.2202,0.6453,44.632,0.06045
2.560,31.4671,0.6605,44.530,0.06139
2.580,31.7130,0.6759,44.345,0.06234
2.600,31.9578,0.6914,44.157,0.06330
2.620,32.2029,0.7072,44.205,0.06426
2.640,32.4483,0.7232,44.270,0.06524
2.660,32.6951,0.7396,44.508,0.06621
2.680,32.9418,0.7562,44.505,0.06720
2.700,33.1895,0.7731,44.693,0.06819
2.720,33.4386,0.7903,44.945,0.06919
2.740,33.6888,0.8079,45.152,0.07020
2.760,33.9366,0.8256,44.727,0.07122
2.780,34.1857,0.8436,44.948,0.07224
2.800,34.4351,0.8619,45.009,0.07327
2.820,34.6849,0.8805,45.085,0.07430
2.840,34.9350,0.8994,45.152,0.07535
2.860,35.1855,0.9186,45.221,0.07640
2.880,35.4363,0.9381,45.278,0.07745
2.900,35.6867,0.9578,45.214,0.07852
2.920,35.9352,0.9776,44.871,0.07959
2.940,36.1836,0.9977,44.852,0.08066
2.960,36.4311,1.0179,44.707,0.08175
2.980,36.6797,1.0386,44.902,0.08284
3.000,36.9280,1.0595,44.850,0.08394
3.020,37.1763,1.0806,44.865,0.08505
3.040,37.4238,1.1020,44.712,0.08616
3.060,37.6708,1.1236,44.620,0.08728
3.080,37.9177,1.1455,44.618,0.08841
3.100,38.1631,1.1675,44.350,0.08954
3.120,38.4087,1.1899,44.404,0.09068
3.140,38.6543,1.2125,44.385,0.09183
3.160,38.8986,1.2353,44.172,0.09298
3.180,39.1406,1.2581,43.740,0.09414
3.200,39.3830,1.2813,43.833,0.09531
3.220,39.6251,1.3047,43.779,0.09649
3.240,39.8666,1.3284,43.684,0.09767
3.260,40.1078,1.3523,43.641,0.09886
3.280,40.3509,1.3767,43.968,0.10005
3.300,40.5939,1.4014,43.959,0.10126
3.320,40.8369,1.4264,43.975,0.10247
3.340,41.0784,1.4515,43.707,0.10368
3.360,41.3215,1.4771,44.004,0.10490
3.380,41.5655,1.5031,44.169,0.10613
3.400,41.8105,1.5295,44.361,0.10737
3.420,42.0556,1.5562,44.369,0.10862
3.440,42.3015,1.5834,44.534,0.10987
3.460,42.5478,1.6109,44.601,0.11112
3.480,42.7946,1.6387,44.711,0.11239
3.500,43.0412,1.6669,44.684,0.11366
3.520,43.2864,1.6952,44.419,0.11494
3.540,43.5325,1.7239,44.604,0.11622
3.560,43.7767,1.7527,44.256,0.11751
3.580,44.0206,1.7818,44.212,0.11881
3.600,44.2642,1.8112,44.176,0.12012
3.620,44.5068,1.8408,43.988,0.12143
3.640,44.7500,1.8708,44.098,0.12275
3.660,44.9929,1.9011,44.062,0.12407
3.680,45.2353,1.9317,43.984,0.12540
3.700,45.4782,1.9627,44.077,0.12674
3.720,45.7206,1.9939,43.991,0.12809
3.740,45.9643,2.0256,44.241,0.12944
3.760,46.2084,2.0577,44.305,0.13080
3.780,46.4519,2.0901,44.219,0.13216
3.800,46.6934,2.1225,43.869,0.13353
3.820,46.9336,2.1551,43.634,0.13491
3.840,47.1749,2.1882,43.830,0.13630
3.860,47.4160,2.2216,43.820,0.13769
3.880,47.6568,2.2553,43.770,0.13909
3.900,47.8992,2.2896,44.065,0.14049
3.920,48.1403,2.3241,43.834,0.14191
3.940,48.3808,2.3588,43.729,0.14332
3.960,48.6207,2.3937,43.644,0.14475
3.980,48.8611,2.4291,43.749,0.14618
4.000,49.1009,2.4648,43.630,0.14762
4.020,49.3400,2.5007,43.520,0.14906
4.040,49.5775,2.5367,43.231,0.15052
4.060,49.8156,2.5732,43.362,0.15197
4.080,50.0544,2.6101,43.507,0.15344
4.100,50.2928,2.6473,43.421,0.15491
4.120,50.5312,2.6849,43.451,0.15639
4.140,50.7683,2.7227,43.218,0.15787
4.160,51.0049,2.7607,43.133,0.15936
4.180,51.2428,2.7993,43.381,0.16086
4.200,51.4808,2.8383,43.406,0.16236
4.220,51.7210,2.8780,43.821,0.16387
4.240,51.9603,2.9180,43.680,0.16539
4.260,52.2002,2.9584,43.784,0.16691
4.280,52.4398,2.9991,43.749,0.16844
4.300,52.6799,3.0403,43.851,0.16998
4.320,52.9200,3.0819,43.850,0.17152
4.340,53.1594,3.1238,43.749,0.17307
4.360,53.3979,3.1658,43.592,0.17462
4.380,53.6393,3.2088,44.144,0.17619
4.400,53.8806,3.2522,44.130,0.17775
4.420,54.1199,3.2956,43.767,0.17933
4.440,54.3584,3.3392,43.651,0.18091
4.460,54.5976,3.3833,43.773,0.18250
4.480,54.8362,3.4277,43.683,0.18409
4.500,55.0760,3.4728,43.928,0.18569
4.520,55.3168,3.5184,44.108,0.18730
4.540,55.5573,3.5644,44.081,0.18891
4.560,55.7973,3.6107,43.996,0.19053
4.580,56.0362,3.6572,43.815,0.19215
4.600,56.2744,3.7039,43.689,0.19378
4.620,56.5110,3.7508,43.424,0.19542
4.640,56.7488,3.7982,43.640,0.19707
4.660,56.9880,3.8464,43.927,0.19872
4.680,57.2260,3.8947,43.701,0.20037
4.700,57.4626,3.9432,43.488,0.20204
4.720,57.6975,3.9917,43.169,0.20371
4.740,57.9314,4.0405,42.996,0.20538
4.760,58.1621,4.0889,42.437,0.20706
4.780,58.3916,4.1375,42.231,0.20875
4.800,58.6223,4.1868,42.465,0.21044
4.820,58.8526,4.2364,42.402,0.21214
4.840,59.0836,4.2866,42.556,0.21385
4.860,59.3141,4.3371,42.468,0.21556
4.880,59.5462,4.3883,42.785,0.21728
4.900,59.7784,4.4400,42.821,0.21901
4.920,60.0102,4.4920,42.752,0.22074
4.940,60.2443,4.5450,43.212,0.22247
4.960,60.4781,4.5983,43.153,0.22422
4.980,60.7105,4.6517,42.934,0.22597
5.000,60.9431,4.7056,42.970,0.22772
5.020,61.1755,4.7599,42.963,0.22948
5.040,61.4089,4.8148,43.155,0.23125
5.060,61.6413,4.8700,42.989,0.23302
5.080,61.8743,4.9257,43.134,0.23480
5.100,62.1081,4.9821,43.287,0.23659
5.120,62.3411,5.0387,43.167,0.23838
5.140,62.5742,5.0958,43.196,0.24018
5.160,62.8064,5.1531,43.047,0.24198
5.180,63.0408,5.2114,43.469,0.24379
5.200,63.2743,5.2700,43.342,0.24561
5.220,63.5073,5.3288,43.261,0.24743
5.240,63.7392,5.3879,43.069,0.24926
5.260,63.9707,5.4472,43.007,0.25109
5.280,64.2020,5.5070,43.006,0.25293
5.300,64.4339,5.5674,43.144,0.25477
5.320,64.6652,5.6281,43.034,0.25663
5.340,64.8961,5.6892,43.001,0.25848
5.360,65.1256,5.7503,42.746,0.26035
5.380,65.3542,5.8116,42.597,0.26221
5.400,65.5853,5.8741,43.093,0.26409
5.420,65.8173,5.9373,43.280,0.26597
5.440,66.0484,6.0008,43.139,0.26786
5.460,66.2781,6.0643,42.899,0.26975
5.480,66.5067,6.1280,42.723,0.27165
5.500,66.7352,6.1921,42.719,0.27355
5.520,66.9637,6.2566,42.725,0.27546
5.540,67.1912,6.3214,42.591,0.27737
5.560,67.4174,6.3863,42.360,0.27930
5.580,67.6449,6.4520,42.616,0.28122
5.600,67.8727,6.5183,42.697,0.28316
5.620,68.0999,6.5849,42.630,0.28509
5.640,68.3269,6.6519,42.590,0.28704
5.660,68.5532,6.7192,42.495,0.28899
5.680,68.7765,6.7860,41.966,0.29094
5.700,68.9998,6.8534,41.987,0.29290
5.720,69.2220,6.9209,41.794,0.29487
5.740,69.4431,6.9885,41.614,0.29684
5.760,69.6634,7.0564,41.499,0.29882
5.780,69.8843,7.1249,41.630,0.30081
5.800,70.1039,7.1935,41.420,0.30280
5.820,70.3221,7.2621,41.162,0.30479
5.840,70.5407,7.3314,41.277,0.30679
5.860,70.7599,7.4013,41.413,0.30880
5.880,70.9780,7.4714,41.240,0.31081
5.900,71.1965,7.5421,41.341,0.31283
5.920,71.4146,7.6131,41.289,0.31485
5.940,71.6329,7.6847,41.343,0.31688
5.960,71.8498,7.7563,41.116,0.31891
5.980,72.0673,7.8286,41.266,0.32095
6.000,72.2859,7.9017,41.482,0.32300
6.020,72.5049,7.9755,41.597,0.32505
6.040,72.7242,8.0500,41.698,0.32710
6.060,72.9399,8.1236,41.019,0.32916
6.080,73.1556,8.1978,41.066,0.33123
6.100,73.3712,8.2725,41.061,0.33330
6.120,73.5865,8.3475,41.035,0.33538
6.140,73.8010,8.4228,40.921,0.33746
6.160,74.0154,8.4985,40.931,0.33955
6.180,74.2300,8.5748,41.005,0.34165
6.200,74.4443,8.6515,40.958,0.34374
6.220,74.6579,8.7285,40.874,0.34585
6.240,74.8725,8.8063,41.096,0.34796
6.260,75.0859,8.8843,40.897,0.35007
6.280,75.3002,8.9630,41.082,0.35219
6.300,75.5144,9.0422,41.114,0.35432
6.320,75.7277,9.1217,40.969,0.35645
6.340,75.9405,9.2014,40.917,0.35859
6.360,76.1524,9.2813,40.751,0.36073
6.380,76.3647,9.3620,40.873,0.36288
6.400,76.5771,9.4431,40.935,0.36503
6.420,76.7888,9.5246,40.835,0.36719
6.440,76.9994,9.6061,40.637,0.36935
6.460,77.2100,9.6881,40.691,0.37152
6.480,77.4214,9.7710,40.863,0.37369
6.500,77.6324,9.8543,40.843,0.37587
6.520,77.8437,9.9382,40.918,0.37805
6.540,78.0544,10.0224,40.851,0.38024
6.560,78.2651,10.1072,40.863,0.38243
6.580,78.4752,10.1922,40.810,0.38463
6.600,78.6855,10.2779,40.863,0.38683
6.620,78.8941,10.3634,40.592,0.38904
6.640,79.1032,10.4497,40.707,0.39126
6.660,79.3118,10.5363,40.666,0.39347
6.680,79.5206,10.6235,40.731,0.39570
6.700,79.7289,10.7111,40.669,0.39793
6.720,79.9373,10.7992,40.727,0.40016
6.740,80.1445,10.8874,40.534,0.40240
6.760,80.3526,10.9765,40.748,0.40464
6.780,80.5589,11.0654,40.441,0.40689
6.800,80.7641,11.1544,40.254,0.40915
6.820,80.9693,11.2439,40.297,0.41141
6.840,81.1756,11.3345,40.560,0.41367
6.860,81.3820,11.4257,40.610,0.41594
6.880,81.5879,11.5172,40.565,0.41821
6.900,81.7924,11.6086,40.309,0.42049
6.920,81.9964,11.7004,40.275,0.42277
6.940,82.2002,11.7927,40.271,0.42506
6.960,82.4054,11.8861,40.575,0.42735
6.980,82.6109,11.9802,40.687,0.42965
7.000,82.8148,12.0742,40.412,0.43195
7.020,83.0203,12.1695,40.777,0.43426
7.040,83.2252,12.2652,40.706,0.43657
7.060,83.4291,12.3609,40.547,0.43889
7.080,83.6342,12.4577,40.813,0.44121
7.100,83.8389,12.5550,40.804,0.44354
7.120,84.0431,12.6526,40.738,0.44587
7.140,84.2473,12.7508,40.777,0.44821
7.160,84.4520,12.8498,40.929,0.45055
7.180,84.6573,12.9497,41.108,0.45289
7.200,84.8612,13.0495,40.861,0.45524
7.220,85.0666,13.1507,41.220,0.45760
7.240,85.2727,13.2528,41.391,0.45996
7.260,85.4782,13.3552,41.322,0.46232
7.280,85.6827,13.4577,41.175,0.46469
7.300,85.8860,13.5602,41.001,0.46706
7.320,86.0893,13.6633,41.023,0.46944
7.340,86.2917,13.7666,40.906,0.47182
7.360,86.4932,13.8701,40.769,0.47421
7.380,86.6952,13.9743,40.915,0.47660
7.400,86.8972,14.0793,40.980,0.47900
7.420,87.0987,14.1845,40.909,0.48140
7.440,87.3005,14.2906,41.041,0.48380
7.460,87.5033,14.3977,41.287,0.48621
7.480,87.7049,14.5049,41.090,0.48862
7.500,87.9056,14.6123,40.982,0.49104
7.520,88.1070,14.7205,41.152,0.49347
7.540,88.3087,14.8297,41.281,0.49589
7.560,88.5104,14.9394,41.322,0.49832
7.580,88.7128,15.0502,41.531,0.50076
7.600,88.9139,15.1609,41.335,0.50320
7.620,89.1135,15.2714,41.069,0.50564
7.640,89.3121,15.3820,40.913,0.50809
7.660,89.5105,15.4931,40.935,0.51055
7.680,89.7080,15.6044,40.792,0.51300
7.700,89.9047,15.7158,40.704,0.51547
7.720,90.1004,15.8273,40.528,0.51793
7.740,90.2952,15.9389,40.417,0.52040
7.760,90.4888,16.0506,40.236,0.52288
7.780,90.6825,16.1629,40.302,0.52536
7.800,90.8767,16.2760,40.445,0.52784
7.820,91.0701,16.3894,40.359,0.53033
7.840,91.2630,16.5032,40.321,0.53282
7.860,91.4552,16.6172,40.217,0.53531
7.880,91.6475,16.7319,40.312,0.53781
7.900,91.8397,16.8472,40.328,0.54032
7.920,92.0329,16.9637,40.615,0.54283
7.940,92.2249,17.0802,40.418,0.54534
7.960,92.4168,17.1974,40.483,0.54785
7.980,92.6089,17.3152,40.563,0.55037
8.000,92.8004,17.4334,40.498,0.55290
8.020,92.9921,17.5523,40.604,0.55543
8.040,93.1822,17.6710,40.345,0.55796
8.060,93.3738,17.7913,40.726,0.56050
8.080,93.5640,17.9113,40.484,0.56304
8.100,93.7547,18.0323,40.650,0.56558
8.120,93.9441,18.1532,40.448,0.56813
8.140,94.1342,18.2753,40.655,0.57068
8.160,94.3236,18.3975,40.586,0.57324
8.180,94.5129,18.5204,40.615,0.57580
8.200,94.7019,18.6438,40.624,0.57836
8.220,94.8914,18.7682,40.822,0.58093
8.240,95.0804,18.8930,40.764,0.58350
8.260,95.2666,19.0166,40.230,0.58608
8.280,95.4519,19.1403,40.094,0.58866
8.300,95.6370,19.2646,40.127,0.59124
8.320,95.8214,19.3891,40.047,0.59383
8.340,96.0061,19.5145,40.186,0.59642
8.360,96.1913,19.6409,40.369,0.59901
8.380,96.3761,19.7678,40.342,0.60161
8.400,96.5593,19.8942,40.074,0.60422
8.420,96.7433,20.0220,40.323,0.60682
8.440,96.9279,20.1508,40.518,0.60943
8.460,97.1119,20.2800,40.464,0.61204
8.480,97.2973,20.4108,40.844,0.61466
8.500,97.4820,20.5420,40.781,0.61728
8.520,97.6655,20.6729,40.576,0.61991
8.540,97.8485,20.8043,40.548,0.62253
8.560,98.0320,20.9368,40.742,0.62517
8.580,98.2145,21.0692,40.573,0.62780
8.600,98.3981,21.2032,40.925,0.63044
8.620,98.5807,21.3372,40.763,0.63308
8.640,98.7637,21.4722,40.935,0.63573
8.660,98.9467,21.6080,41.033,0.63838
8.680,99.1293,21.7443,41.005,0.64103
8.700,99.3124,21.8816,41.200,0.64369
8.720,99.4939,22.0186,40.930,0.64635
8.740,99.6762,22.1568,41.174,0.64901
8.760,99.8580,22.2955,41.163,0.65168
8.780,100.0390,22.4344,41.065,0.65435
8.800,100.2202,22.5742,41.200,0.65702
8.820,100.4019,22.7151,41.391,0.65970
8.840,100.5839,22.8570,41.529,0.66238
8.860,100.7670,23.0006,41.889,0.66506
8.880,100.9506,23.1454,42.084,0.66775
8.900,101.1348,23.2915,42.315,0.67044
8.920,101.3182,23.4377,42.218,0.67313
8.940,101.5012,23.5845,42.237,0.67583
8.960,101.6843,23.7321,42.338,0.67853
8.980,101.8670,23.8802,42.335,0.68123
9.000,102.0496,24.0290,42.389,0.68394
9.020,102.2320,24.1786,42.466,0.68665
9.040,102.4147,24.3292,42.618,0.68936
9.060,102.5969,24.4802,42.600,0.69208
9.080,102.7785,24.6315,42.537,0.69480
9.100,102.9589,24.7828,42.388,0.69752
9.120,103.1383,24.9339,42.227,0.70025
9.140,103.3182,25.0863,42.438,0.70298
9.160,103.4976,25.2392,42.423,0.70571
9.180,103.6772,25.3931,42.564,0.70845
9.200,103.8553,25.5466,42.331,0.71118
9.220,104.0316,25.6993,41.982,0.71393
9.240,104.2067,25.8518,41.793,0.71667
9.260,104.3822,26.0056,42.000,0.71942
9.280,104.5581,26.1605,42.192,0.72217
9.300,104.7338,26.3161,42.252,0.72492
9.320,104.9085,26.4717,42.107,0.72768
9.340,105.0826,26.6277,42.084,0.73044
9.360,105.2561,26.7840,42.030,0.73320
9.380,105.4289,26.9405,41.968,0.73596
9.400,105.5994,27.0958,41.517,0.73873
9.420,105.7689,27.2510,41.363,0.74150
9.440,105.9378,27.4066,41.328,0.74428
9.460,106.1074,27.5636,41.601,0.74705
9.480,106.2766,27.7212,41.630,0.74983
9.500,106.4465,27.8803,41.882,0.75262
9.520,106.6156,28.0395,41.811,0.75540
9.540,106.7840,28.1991,41.766,0.75819
9.560,106.9492,28.3564,41.064,0.76098
9.580,107.1143,28.5145,41.147,0.76377
9.600,107.2794,28.6735,41.246,0.76657
9.620,107.4453,28.8341,41.563,0.76937
9.640,107.6103,28.9949,41.476,0.77217
9.660,107.7750,29.1562,41.493,0.77497
9.680,107.9388,29.3174,41.366,0.77778
9.700,108.1012,29.4783,41.154,0.78059
9.720,108.2627,29.6391,41.026,0.78340
9.740,108.4235,29.8002,40.964,0.78622
9.760,108.5848,29.9627,41.208,0.78903
9.780,108.7456,30.1256,41.208,0.79185
9.800,108.9054,30.2884,41.066,0.79468
9.820,109.0649,30.4518,41.091,0.79750
9.840,109.2240,30.6157,41.130,0.80033
9.860,109.3822,30.7797,41.009,0.80316
9.880,109.5408,30.9449,41.214,0.80599
9.900,109.6975,31.1092,40.875,0.80883
9.920,109.8537,31.2737,40.836,0.81166
9.940,110.0098,31.4392,40.956,0.81450
9.960,110.1646,31.6042,40.715,0.81734
9.980,110.3191,31.7699,40.780,0.82019
10.000,110.4740,31.9369,41.013,0.82304
10.020,110.6288,32.1048,41.094,0.82589
10.040,110.7819,32.2718,40.790,0.82874
10.060,110.9341,32.4387,40.659,0.83159
10.080,111.0867,32.6070,40.881,0.83445
10.100,111.2389,32.7759,40.935,0.83731
10.120,111.3907,32.9453,40.933,0.84017
10.140,111.5422,33.1154,41.012,0.84303
10.160,111.6938,33.2865,41.142,0.84590
10.180,111.8444,33.4575,41.014,0.84876
10.200,111.9943,33.6287,40.962,0.85163
10.220,112.1438,33.8005,40.988,0.85450
10.240,112.2925,33.9722,40.890,0.85738
10.260,112.4405,34.1443,40.866,0.86025
10.280,112.5890,34.3178,41.100,0.86313
10.300,112.7363,34.4910,40.925,0.86601
10.320,112.8843,34.6661,41.272,0.86890
10.340,113.0331,34.8431,41.610,0.87178
10.360,113.1802,35.0192,41.302,0.87467
10.380,113.3267,35.1955,41.277,0.87756
10.400,113.4730,35.3726,41.338,0.88045
10.420,113.6182,35.5495,41.201,0.88334
10.440,113.7625,35.7263,41.068,0.88623
10.460,113.9061,35.9032,41.025,0.88913
10.480,114.0497,36.0812,41.158,0.89203
10.500,114.1924,36.2592,41.066,0.89493
10.520,114.3357,36.4390,41.395,0.89783
10.540,114.4787,36.6195,41.447,0.90074
10.560,114.6212,36.8003,41.429,0.90364
10.580,114.7639,36.9827,41.690,0.90655
10.600,114.9066,37.1660,41.802,0.90946
10.620,115.0489,37.3500,41.869,0.91237
10.640,115.1905,37.5341,41.809,0.91528
10.660,115.3326,37.7201,42.136,0.91820
10.680,115.4747,37.9071,42.282,0.92112
10.700,115.6162,38.0944,42.245,0.92404
10.720,115.7561,38.2809,41.961,0.92696
10.740,115.8957,38.4680,42.028,0.92988
10.760,116.0341,38.6547,41.823,0.93280
10.780,116.1709,38.8403,41.514,0.93573
10.800,116.3070,39.0262,41.464,0.93866
10.820,116.4427,39.2126,41.514,0.94158
10.840,116.5787,39.4005,41.745,0.94451
10.860,116.7142,39.5891,41.796,0.94745
10.880,116.8497,39.7786,41.941,0.95038
10.900,116.9839,39.9676,41.720,0.95332
10.920,117.1175,40.1570,41.716,0.95625
10.940,117.2507,40.3468,41.739,0.95919
10.960,117.3837,40.5378,41.894,0.96213
10.980,117.5163,40.7292,41.915,0.96507
11.000,117.6488,40.9217,42.059,0.96801
11.020,117.7804,41.1141,41.969,0.97096
11.040,117.9117,41.3073,42.033,0.97390
11.060,118.0426,41.5011,42.108,0.97685
11.080,118.1722,41.6944,41.883,0.97980
11.100,118.3014,41.8881,41.914,0.98275
11.120,118.4298,42.0820,41.857,0.98570
11.140,118.5566,42.2746,41.514,0.98865
11.160,118.6834,42.4684,41.687,0.99161
11.180,118.8094,42.6623,41.621,0.99456
11.200,118.9343,42.8559,41.468,0.99752
11.220,119.0585,43.0495,41.400,1.00047
11.240,119.1822,43.2435,41.425,1.00343
11.260,119.3061,43.4393,41.696,1.00639
11.280,119.4293,43.6352,41.666,1.00935
11.300,119.5523,43.8319,41.751,1.01232
11.320,119.6753,44.0302,41.999,1.01528
11.340,119.7980,44.2292,42.095,1.01825
11.360,119.9208,44.4295,42.287,1.02121
11.380,120.0426,44.6298,42.201,1.02418
11.400,120.1643,44.8311,42.340,1.02715
11.420,120.2853,45.0328,42.330,1.03012
11.440,120.4063,45.2357,42.523,1.03309
11.460,120.5262,45.4381,42.342,1.03606
11.480,120.6451,45.6401,42.202,1.03903
11.500,120.7640,45.8437,42.431,1.04200
11.520,120.8822,46.0474,42.395,1.04498
11.540,120.9997,46.2511,42.331,1.04795
11.560,121.1165,46.4553,42.345,1.05093
11.580,121.2324,46.6592,42.220,1.05391
11.600,121.3484,46.8646,42.460,1.05689
11.620,121.4631,47.0693,42.235,1.05986
11.640,121.5772,47.2742,42.208,1.06284
11.660,121.6908,47.4797,42.271,1.06582
11.680,121.8038,47.6855,42.252,1.06881
11.700,121.9157,47.8909,42.107,1.07179
11.720,122.0266,48.0959,41.951,1.07477
11.740,122.1371,48.3016,42.028,1.07776
11.760,122.2465,48.5067,41.842,1.08074
11.780,122.3556,48.7127,41.959,1.08373
11.800,122.4634,48.9176,41.684,1.08671
11.820,122.5703,49.1224,41.584,1.08970
11.840,122.6766,49.3276,41.591,1.09269
11.860,122.7818,49.5319,41.365,1.09568
11.880,122.8866,49.7372,41.483,1.09866
11.900,122.9908,49.9427,41.480,1.10165
11.920,123.0939,50.1476,41.293,1.10464
11.940,123.1957,50.3515,41.020,1.10764
11.960,123.2962,50.5543,40.738,1.11063
11.980,123.3961,50.7574,40.747,1.11362
12.000,123.4949,50.9598,40.539,1.11661
12.020,123.5925,51.1613,40.293,1.11960
12.040,123.6894,51.3628,40.251,1.12260
12.060,123.7867,51.5667,40.661,1.12559
12.080,123.8835,51.7711,40.711,1.12859
12.100,123.9800,51.9765,40.849,1.13158
12.120,124.0760,52.1824,40.887,1.13458
12.140,124.1717,52.3892,41.028,1.13757
12.160,124.2662,52.5952,40.786,1.14057
12.180,124.3599,52.8010,40.709,1.14356
12.200,124.4531,53.0074,40.756,1.14656
12.220,124.5457,53.2140,40.752,1.14956
12.240,124.6375,53.4207,40.718,1.15256
12.260,124.7285,53.6271,40.598,1.15555
12.280,124.8188,53.8335,40.552,1.15855
12.300,124.9081,54.0395,40.412,1.16155
12.320,124.9959,54.2435,39.976,1.16455
12.340,125.0826,54.4466,39.761,1.16755
12.360,125.1688,54.6505,39.847,1.17055
12.380,125.2551,54.8561,40.127,1.17355
12.400,125.3414,55.0636,40.454,1.17655
12.420,125.4271,55.2714,40.471,1.17954
12.440,125.5126,55.4804,40.632,1.18254
12.460,125.5978,55.6904,40.795,1.18554
12.480,125.6820,55.9000,40.671,1.18854
12.500,125.7651,56.1084,40.365,1.19154
12.520,125.8475,56.3169,40.371,1.19454
12.540,125.9286,56.5241,40.053,1.19754
12.560,126.0090,56.7313,39.996,1.20054
12.580,126.0890,56.9392,40.105,1.20354
12.600,126.1679,57.1461,39.850,1.20654
12.620,126.2462,57.3532,39.855,1.20954
12.640,126.3242,57.5617,40.079,1.21254
12.660,126.4018,57.7708,40.144,1.21554
12.680,126.4789,57.9807,40.238,1.21854
12.700,126.5557,58.1916,40.401,1.22154
12.720,126.6325,58.4043,40.713,1.22454
12.740,126.7087,58.6174,40.740,1.22754
12.760,126.7846,58.8320,40.961,1.23054
12.780,126.8599,59.0466,40.950,1.23354
12.800,126.9343,59.2610,40.852,1.23654
12.820,127.0083,59.4760,40.908,1.23954
12.840,127.0813,59.6905,40.799,1.24253
12.860,127.1536,59.9047,40.696,1.24553
12.880,127.2250,60.1186,40.587,1.24853
12.900,127.2951,60.3305,40.174,1.25153
12.920,127.3645,60.5427,40.192,1.25453
12.940,127.4329,60.7540,39.965,1.25752
12.960,127.5007,60.9653,39.946,1.26052
12.980,127.5682,61.1782,40.207,1.26351
13.000,127.6350,61.3908,40.113,1.26651
13.020,127.7010,61.6031,40.015,1.26950
13.040,127.7667,61.8169,40.261,1.27250
13.060,127.8320,62.0314,40.359,1.27549
13.080,127.8969,62.2471,40.535,1.27849
13.100,127.9610,62.4625,40.471,1.28148
13.120,128.0247,62.6790,40.606,1.28447
13.140,128.0876,62.8949,40.482,1.28747
13.160,128.1496,63.1104,40.360,1.29046
13.180,128.2112,63.3266,40.468,1.29345
13.200,128.2719,63.5424,40.360,1.29644
13.220,128.3322,63.7592,40.498,1.29943
13.240,128.3925,63.9784,40.929,1.30242
13.260,128.4517,64.1962,40.625,1.30541
13.280,128.5101,64.4135,40.490,1.30840
13.300,128.5681,64.6320,40.691,1.31138
13.320,128.6254,64.8505,40.665,1.31437
13.340,128.6823,65.0703,40.874,1.31736
13.360,128.7383,65.2893,40.692,1.32034
13.380,128.7938,65.5088,40.752,1.32333
13.400,128.8486,65.7284,40.725,1.32631
13.420,128.9027,65.9482,40.750,1.32929
13.440,128.9563,66.1685,40.810,1.33227
13.460,129.0089,66.3878,40.590,1.33526
13.480,129.0606,66.6061,40.397,1.33824
13.500,129.1120,66.8260,40.649,1.34122
13.520,129.1628,67.0464,40.702,1.34419
13.540,129.2130,67.2670,40.721,1.34717
13.560,129.2625,67.4877,40.713,1.35015
13.580,129.3114,67.7089,40.777,1.35313
13.600,129.3594,67.9291,40.569,1.35610
13.620,129.4066,68.1484,40.389,1.35907
13.640,129.4534,68.3692,40.624,1.36205
13.660,129.4995,68.5903,40.651,1.36502
13.680,129.5452,68.8124,40.804,1.36799
13.700,129.5900,69.0339,40.695,1.37096
13.720,129.6345,69.2570,40.943,1.37393
13.740,129.6784,69.4805,41.005,1.37690
13.760,129.7217,69.7047,41.092,1.37986
13.780,129.7645,69.9295,41.191,1.38283
13.800,129.8065,70.1536,41.047,1.38579
13.820,129.8474,70.3761,40.711,1.38876
13.840,129.8875,70.5976,40.518,1.39172
13.860,129.9272,70.8208,40.811,1.39468
13.880,129.9665,71.0454,41.045,1.39764
13.900,130.0051,71.2698,40.983,1.40060
13.920,130.0429,71.4940,40.929,1.40355
13.940,130.0803,71.7194,41.115,1.40651
13.960,130.1169,71.9446,41.085,1.40947
13.980,130.1527,72.1688,40.851,1.41242
14.000,130.1881,72.3942,41.079,1.41537
14.020,130.2228,72.6203,41.165,1.41832
14.040,130.2565,72.8439,40.712,1.42127
14.060,130.2895,73.0673,40.655,1.42422
14.080,130.3218,73.2910,40.681,1.42716
14.100,130.3536,73.5153,40.768,1.43011
14.120,130.3847,73.7398,40.795,1.43305
14.140,130.4151,73.9637,40.681,1.43600
14.160,130.4448,74.1877,40.660,1.43894
14.180,130.4739,74.4120,40.713,1.44188
14.200,130.5023,74.6361,40.665,1.44481
14.220,130.5299,74.8599,40.598,1.44775
14.240,130.5571,75.0851,40.823,1.45068
14.260,130.5835,75.3094,40.653,1.45362
14.280,130.6092,75.5334,40.590,1.45655
14.300,130.6340,75.7555,40.224,1.45948
14.320,130.6583,75.9782,40.322,1.46241
14.340,130.6819,76.2018,40.471,1.46533
14.360,130.7050,76.4260,40.570,1.46826
14.380,130.7275,76.6512,40.735,1.47118
14.400,130.7494,76.8769,40.814,1.47410
14.420,130.7707,77.1029,40.876,1.47702
14.440,130.7913,77.3296,40.961,1.47994
14.460,130.8113,77.5560,40.913,1.48286
14.480,130.8307,77.7836,41.127,1.48577
14.500,130.8494,78.0110,41.064,1.48868
14.520,130.8673,78.2370,40.801,1.49160
14.540,130.8847,78.4638,40.954,1.49450
14.560,130.9015,78.6926,41.287,1.49741
14.580,130.9176,78.9204,41.114,1.50032
14.600,130.9330,79.1482,41.096,1.50322
14.620,130.9477,79.3754,40.972,1.50612
14.640,130.9617,79.6022,40.904,1.50902
14.660,130.9751,79.8291,40.912,1.51192
14.680,130.9878,80.0548,40.689,1.51482
14.700,130.9997,80.2802,40.639,1.51771
14.720,131.0110,80.5042,40.375,1.52060
14.740,131.0216,80.7277,40.273,1.52349
14.760,131.0315,80.9501,40.059,1.52638
14.780,131.0406,81.1714,39.868,1.52927
14.800,131.0491,81.3910,39.559,1.53215
14.820,131.0570,81.6118,39.778,1.53503
14.840,131.0643,81.8332,39.870,1.53791
14.860,131.0709,82.0527,39.525,1.54079
14.880,131.0769,82.2716,39.417,1.54366
14.900,131.0821,82.4898,39.297,1.54654
14.920,131.0868,82.7074,39.172,1.54941
14.940,131.0908,82.9235,38.912,1.55228
14.960,131.0942,83.1404,39.048,1.55514
14.980,131.0970,83.3570,38.976,1.55801
15.000,131.0991,83.5740,39.061,1.56087
15.020,131.1007,83.7915,39.155,1.56373
15.040,131.1016,84.0104,39.403,1.56659
15.060,131.1019,84.2275,39.076,1.56944
15.080,131.1015,84.4463,39.389,1.57230
15.100,131.1006,84.6664,39.618,1.57515
15.120,131.0990,84.8871,39.721,1.57800
15.140,131.0968,85.1101,40.150,1.58084
15.160,131.0939,85.3334,40.187,1.58369
15.180,131.0904,85.5574,40.335,1.58653
15.200,131.0862,85.7807,40.202,1.58937
15.220,131.0814,86.0051,40.406,1.59220
15.240,131.0760,86.2297,40.436,1.59504
15.260,131.0699,86.4538,40.355,1.59787
15.280,131.0631,86.6800,40.736,1.60070
15.300,131.0557,86.9059,40.681,1.60352
15.320,131.0477,87.1318,40.683,1.60635
15.340,131.0390,87.3575,40.647,1.60917
15.360,131.0298,87.5823,40.511,1.61199
15.380,131.0198,87.8077,40.607,1.61480
15.400,131.0092,88.0338,40.740,1.61762
15.420,130.9980,88.2602,40.804,1.62043
15.440,130.9862,88.4842,40.379,1.62324
15.460,130.9738,88.7092,40.560,1.62604
15.480,130.9607,88.9338,40.497,1.62885
15.500,130.9471,89.1572,40.278,1.63165
15.520,130.9329,89.3811,40.387,1.63445
15.540,130.9179,89.6055,40.488,1.63724
15.560,130.9024,89.8289,40.300,1.64003
15.580,130.8862,90.0546,40.745,1.64282
15.600,130.8693,90.2792,40.528,1.64561
15.620,130.8520,90.5019,40.216,1.64839
15.640,130.8342,90.7235,40.008,1.65117
15.660,130.8156,90.9464,40.264,1.65395
15.680,130.7964,91.1691,40.232,1.65673
15.700,130.7766,91.3913,40.165,1.65950
15.720,130.7563,91.6135,40.154,1.66227
15.740,130.7353,91.8350,40.046,1.66504
15.760,130.7138,92.0557,39.922,1.66780
15.780,130.6918,92.2758,39.807,1.67056
15.800,130.6691,92.4964,39.934,1.67332
15.820,130.6457,92.7181,40.118,1.67608
15.840,130.6218,92.9386,39.928,1.67883
15.860,130.5972,93.1593,39.971,1.68158
15.880,130.5720,93.3807,40.113,1.68433
15.900,130.5462,93.6010,39.918,1.68707
15.920,130.5200,93.8207,39.828,1.68981
15.940,130.4932,94.0393,39.641,1.69255
15.960,130.4660,94.2565,39.408,1.69528
15.980,130.4382,94.4738,39.427,1.69801
16.000,130.4100,94.6903,39.294,1.70074
16.020,130.3810,94.9073,39.408,1.70346
16.040,130.3515,95.1242,39.403,1.70619
16.060,130.3213,95.3414,39.477,1.70890
16.080,130.2905,95.5583,39.424,1.71162
16.100,130.2593,95.7744,39.310,1.71433
16.120,130.2275,95.9904,39.294,1.71704
16.140,130.1951,96.2062,39.293,1.71975
16.160,130.1622,96.4213,39.166,1.72245
16.180,130.1287,96.6368,39.242,1.72515
16.200,130.0945,96.8528,39.377,1.72784
16.220,130.0597,97.0690,39.405,1.73054
16.240,130.0240,97.2867,39.714,1.73323
16.260,129.9878,97.5037,39.600,1.73591
16.280,129.9510,97.7211,39.694,1.73859
16.300,129.9136,97.9380,39.620,1.74127
16.320,129.8757,98.1551,39.662,1.74395
16.340,129.8373,98.3712,39.513,1.74662
16.360,129.7981,98.5883,39.714,1.74929
16.380,129.7583,98.8055,39.745,1.75196
16.400,129.7177,99.0238,39.960,1.75462
16.420,129.6768,99.2407,39.732,1.75728
16.440,129.6354,99.4570,39.643,1.75993
16.460,129.5936,99.6723,39.483,1.76258
16.480,129.5513,99.8870,39.387,1.76523
16.500,129.5086,100.1009,39.262,1.76788
16.520,129.4654,100.3146,39.240,1.77052
16.540,129.4216,100.5281,39.237,1.77315
16.560,129.3772,100.7415,39.230,1.77579
16.580,129.3324,100.9542,39.130,1.77842
16.600,129.2870,101.1670,39.164,1.78104
16.620,129.2408,101.3805,39.321,1.78367
16.640,129.1943,101.5931,39.159,1.78629
16.660,129.1472,101.8055,39.159,1.78890
16.680,129.0996,102.0177,39.146,1.79152
16.700,129.0513,102.2302,39.230,1.79412
16.720,129.0025,102.4425,39.218,1.79673
16.740,128.9532,102.6547,39.216,1.79933
16.760,128.9035,102.8658,39.037,1.80193
16.780,128.8533,103.0768,39.041,1.80452
16.800,128.8027,103.2868,38.875,1.80711
16.820,128.7515,103.4972,38.968,1.80970
16.840,128.6997,103.7073,38.949,1.81228
16.860,128.6474,103.9173,38.957,1.81486
16.880,128.5948,104.1263,38.796,1.81743
16.900,128.5415,104.3359,38.941,1.82000
16.920,128.4874,104.5461,39.066,1.82257
16.940,128.4326,104.7570,39.221,1.82513
16.960,128.3766,104.9699,39.622,1.82769
16.980,128.3202,105.1826,39.612,1.83024
17.000,128.2629,105.3963,39.829,1.83279
17.020,128.2050,105.6098,39.806,1.83534
17.040,128.1466,105.8235,39.877,1.83788
17.060,128.0875,106.0374,39.943,1.84042
17.080,128.0277,106.2513,39.991,1.84296
17.100,127.9673,106.4658,40.109,1.84549
17.120,127.9064,106.6799,40.055,1.84802
17.140,127.8449,106.8938,40.062,1.85054
17.160,127.7828,107.1080,40.158,1.85306
17.180,127.7196,107.3238,40.473,1.85557
17.200,127.6562,107.5387,40.321,1.85808
17.220,127.5927,107.7516,39.996,1.86059
17.240,127.5288,107.9639,39.909,1.86309
17.260,127.4643,108.1761,39.925,1.86559
17.280,127.3993,108.3884,39.957,1.86809
17.300,127.3337,108.6006,39.973,1.87058
17.320,127.2673,108.8137,40.186,1.87306
17.340,127.2000,109.0276,40.362,1.87554
17.360,127.1322,109.2413,40.353,1.87802
17.380,127.0640,109.4544,40.268,1.88049
17.400,126.9954,109.6669,40.206,1.88296
17.420,126.9264,109.8790,40.142,1.88543
17.440,126.8569,110.0907,40.101,1.88789
17.460,126.7874,110.3007,39.818,1.89034
17.480,126.7176,110.5101,39.735,1.89279
17.500,126.6473,110.7189,39.659,1.89524
17.520,126.5767,110.9274,39.625,1.89768
17.540,126.5055,111.1355,39.579,1.90012
17.560,126.4337,111.3440,39.700,1.90256
17.580,126.3615,111.5519,39.604,1.90499
17.600,126.2890,111.7591,39.525,1.90741
17.620,126.2158,111.9667,39.623,1.90983
17.640,126.1422,112.1739,39.581,1.91225
17.660,126.0680,112.3811,39.620,1.91466
17.680,125.9930,112.5888,39.740,1.91707
17.700,125.9175,112.7967,39.816,1.91947
17.720,125.8413,113.0046,39.861,1.92187
17.740,125.7647,113.2122,39.826,1.92427
17.760,125.6874,113.4202,39.948,1.92666
17.780,125.6095,113.6283,39.980,1.92904
17.800,125.5313,113.8356,39.889,1.93142
17.820,125.4527,114.0426,39.862,1.93380
17.840,125.3740,114.2483,39.643,1.93617
17.860,125.2952,114.4529,39.470,1.93854
17.880,125.2165,114.6556,39.131,1.94090
17.900,125.1377,114.8575,39.008,1.94326
17.920,125.0578,115.0604,39.249,1.94561
17.940,124.9777,115.2626,39.149,1.94796
17.960,124.8969,115.4653,39.290,1.95030
17.980,124.8155,115.6679,39.290,1.95264
18.000,124.7340,115.8696,39.164,1.95497
18.020,124.6515,116.0724,39.404,1.95730
18.040,124.5683,116.2755,39.509,1.95963
18.060,124.4852,116.4768,39.194,1.96195
18.080,124.4014,116.6788,39.381,1.96426
18.100,124.3174,116.8797,39.188,1.96657
18.120,124.2331,117.0803,39.156,1.96888
18.140,124.1480,117.2812,39.276,1.97118
18.160,124.0627,117.4817,39.222,1.97348
18.180,123.9764,117.6830,39.424,1.97577
18.200,123.8893,117.8848,39.561,1.97805
18.220,123.8024,118.0849,39.277,1.98034
18.240,123.7153,118.2845,39.192,1.98261
18.260,123.6276,118.4841,39.243,1.98488
18.280,123.5396,118.6829,39.139,1.98715
18.300,123.4513,118.8814,39.100,1.98941
18.320,123.3622,119.0804,39.244,1.99167
18.340,123.2726,119.2795,39.301,1.99392
18.360,123.1829,119.4775,39.135,1.99617
18.380,123.0926,119.6755,39.167,1.99841
18.400,123.0022,119.8728,39.057,2.00065
18.420,122.9118,120.0687,38.838,2.00288
18.440,122.8215,120.2634,38.634,2.00511
18.460,122.7307,120.4582,38.686,2.00733
18.480,122.6394,120.6527,38.681,2.00955
18.500,122.5477,120.8470,38.682,2.01176
18.520,122.4560,121.0402,38.476,2.01397
18.540,122.3640,121.2329,38.443,2.01617
18.560,122.2720,121.4245,38.256,2.01836
18.580,122.1800,121.6151,38.089,2.02056
18.600,122.0877,121.8053,38.059,2.02274
18.620,121.9955,121.9940,37.810,2.02492
18.640,121.9027,122.1832,37.931,2.02710
18.660,121.8083,122.3744,38.379,2.02927
18.680,121.7133,122.5658,38.461,2.03144
18.700,121.6184,122.7561,38.273,2.03360
18.720,121.5232,122.9459,38.225,2.03575
18.740,121.4283,123.1341,37.945,2.03790
18.760,121.3331,123.3218,37.877,2.04005
18.780,121.2373,123.5097,37.968,2.04219
18.800,121.1408,123.6979,38.074,2.04432
18.820,121.0445,123.8851,37.888,2.04645
18.840,120.9475,124.0723,37.942,2.04857
18.860,120.8497,124.2603,38.150,2.05069
18.880,120.7506,124.4496,38.466,2.05281
18.900,120.6515,124.6381,38.340,2.05491
18.920,120.5524,124.8257,38.185,2.05702
18.940,120.4528,125.0131,38.194,2.05911
18.960,120.3542,125.1977,37.667,2.06121
18.980,120.2556,125.3816,37.572,2.06329
19.000,120.1566,125.5651,37.523,2.06537
19.020,120.0575,125.7480,37.440,2.06745
19.040,119.9588,125.9292,37.155,2.06952
19.060,119.8598,126.1101,37.111,2.07158
19.080,119.7608,126.2901,36.971,2.07364
19.100,119.6611,126.4705,37.108,2.07570
19.120,119.5614,126.6499,36.942,2.07775
19.140,119.4616,126.8289,36.891,2.07979
19.160,119.3614,127.0074,36.849,2.08183
19.180,119.2607,127.1863,36.952,2.08386
19.200,119.1608,127.3627,36.493,2.08588
19.220,119.0607,127.5387,36.432,2.08791
19.240,118.9599,127.7151,36.569,2.08992
19.260,118.8590,127.8909,36.504,2.09193
19.280,118.7584,128.0653,36.229,2.09393
19.300,118.6574,128.2397,36.288,2.09593
19.320,118.5558,128.4143,36.348,2.09793
19.340,118.4540,128.5883,36.300,2.09991
19.360,118.3524,128.7612,36.091,2.10190
19.380,118.2509,128.9333,35.957,2.10387
19.400,118.1492,129.1048,35.901,2.10584
19.420,118.0476,129.2755,35.743,2.10781
19.440,117.9467,129.4442,35.398,2.10977
19.460,117.8458,129.6122,35.259,2.11172
19.480,117.7447,129.7798,35.248,2.11367
19.500,117.6434,129.9469,35.157,2.11561
19.520,117.5419,130.1137,35.143,2.11755
19.540,117.4401,130.2803,35.158,2.11948
19.560,117.3374,130.4475,35.320,2.12140
19.580,117.2333,130.6164,35.716,2.12332
19.600,117.1284,130.7857,35.848,2.12523
19.620,117.0240,130.9537,35.595,2.12714
19.640,116.9206,131.1192,35.117,2.12904
19.660,116.8170,131.2844,35.100,2.13094
19.680,116.7131,131.4494,35.113,2.13283
19.700,116.6094,131.6133,34.904,2.13471
19.720,116.5053,131.7772,34.953,2.13659
19.740,116.4013,131.9403,34.815,2.13846
19.760,116.2968,132.1035,34.887,2.14033
19.780,116.1922,132.2663,34.829,2.14219
19.800,116.0870,132.4292,34.900,2.14405
19.820,115.9825,132.5904,34.586,2.14590
19.840,115.8779,132.7511,34.507,2.14774
19.860,115.7732,132.9115,34.481,2.14958
19.880,115.6689,133.0704,34.224,2.15141
19.900,115.5632,133.2308,34.563,2.15323
19.920,115.4576,133.3905,34.466,2.15505
19.940,115.3510,133.5512,34.716,2.15686
19.960,115.2444,133.7111,34.596,2.15867
19.980,115.1376,133.8707,34.555,2.16047
20.000,115.0299,134.0310,34.768,2.16227
20.020,114.9218,134.1914,34.823,2.16406
20.040,114.8132,134.3518,34.857,2.16584
20.060,114.7042,134.5122,34.905,2.16762
20.080,114.5957,134.6712,34.659,2.16939
20.100,114.4872,134.8298,34.589,2.17116
20.120,114.3789,134.9874,34.417,2.17291
20.140,114.2702,135.1449,34.452,2.17467
20.160,114.1615,135.3019,34.355,2.17641
20.180,114.0526,135.4585,34.347,2.17816
20.200,113.9435,135.6150,34.333,2.17989
20.220,113.8341,135.7712,34.326,2.18162
20.240,113.7245,135.9272,34.320,2.18334
20.260,113.6150,136.0825,34.202,2.18506
20.280,113.5058,136.2367,34.013,2.18677
20.300,113.3968,136.3902,33.893,2.18847
20.320,113.2868,136.5444,34.086,2.19017
20.340,113.1764,136.6987,34.153,2.19186
20.360,113.0654,136.8533,34.259,2.19355
20.380,112.9533,137.0088,34.507,2.19523
20.400,112.8417,137.1632,34.295,2.19690
20.420,112.7295,137.3178,34.387,2.19857
20.440,112.6177,137.4714,34.193,2.20023
20.460,112.5058,137.6245,34.133,2.20188
20.480,112.3933,137.7778,34.220,2.20353
20.500,112.2797,137.9322,34.511,2.20517
20.520,112.1663,138.0859,34.370,2.20681
20.540,112.0527,138.2392,34.353,2.20844
20.560,111.9381,138.3933,34.561,2.21006
20.580,111.8242,138.5460,34.293,2.21168
20.600,111.7098,138.6988,34.358,2.21329
20.620,111.5954,138.8512,34.303,2.21489
20.640,111.4813,139.0027,34.144,2.21649
20.660,111.3668,139.1542,34.170,2.21808
20.680,111.2517,139.3059,34.278,2.21966
20.700,111.1370,139.4567,34.113,2.22124
20.720,111.0217,139.6077,34.182,2.22281
20.740,110.9062,139.7586,34.213,2.22438
20.760,110.7911,139.9083,33.989,2.22594
20.780,110.6749,140.0591,34.269,2.22749
20.800,110.5577,140.2105,34.465,2.22904
20.820,110.4409,140.3612,34.310,2.23058
20.840,110.3242,140.5111,34.205,2.23211
20.860,110.2068,140.6615,34.344,2.23364
20.880,110.0895,140.8113,34.254,2.23516
20.900,109.9730,140.9595,33.923,2.23667
20.920,109.8557,141.1084,34.112,2.23818
20.940,109.7382,141.2571,34.114,2.23968
20.960,109.6193,141.4071,34.457,2.24118
20.980,109.4999,141.5572,34.521,2.24267
21.000,109.3802,141.7073,34.556,2.24415
21.020,109.2585,141.8594,35.073,2.24562
21.040,109.1366,142.0112,35.042,2.24709
21.060,109.0151,142.1621,34.871,2.24855
21.080,108.8933,142.3130,34.912,2.25001
21.100,108.7705,142.4647,35.117,2.25146
21.120,108.6483,142.6152,34.907,2.25290
21.140,108.5264,142.7649,34.743,2.25434
21.160,108.4040,142.9147,34.824,2.25577
21.180,108.2834,143.0619,34.249,2.25719
21.200,108.1633,143.2080,34.052,2.25861
21.220,108.0425,143.3546,34.195,2.26001
21.240,107.9218,143.5006,34.090,2.26142
21.260,107.8020,143.6452,33.797,2.26281
21.280,107.6808,143.7911,34.143,2.26420
21.300,107.5602,143.9357,33.890,2.26559
21.320,107.4398,144.0798,33.795,2.26696
21.340,107.3195,144.2234,33.728,2.26833
21.360,107.1989,144.3669,33.743,2.26970
21.380,107.0783,144.5100,33.677,2.27105
21.400,106.9576,144.6528,33.662,2.27240
21.420,106.8367,144.7955,33.673,2.27374
21.440,106.7156,144.9380,33.657,2.27508
21.460,106.5943,145.0804,33.674,2.27641
21.480,106.4743,145.2209,33.245,2.27773
21.500,106.3539,145.3615,33.325,2.27905
21.520,106.2342,145.5009,33.072,2.28036
21.540,106.1157,145.6385,32.682,2.28166
21.560,105.9962,145.7769,32.931,2.28296
21.580,105.8773,145.9143,32.699,2.28424
21.600,105.7581,146.0516,32.732,2.28553
21.620,105.6392,146.1882,32.593,2.28680
21.640,105.5207,146.3242,32.471,2.28807
21.660,105.4016,146.4603,32.558,2.28933
21.680,105.2830,146.5956,32.369,2.29059
21.700,105.1641,146.7309,32.436,2.29184
21.720,105.0447,146.8664,32.505,2.29308
21.740,104.9244,147.0026,32.714,2.29431
21.760,104.8041,147.1384,32.654,2.29554
21.780,104.6830,147.2749,32.842,2.29676
21.800,104.5606,147.4125,33.152,2.29797
21.820,104.4369,147.5511,33.437,2.29918
21.840,104.3127,147.6900,33.543,2.30038
21.860,104.1880,147.8291,33.624,2.30157
21.880,104.0613,147.9702,34.137,2.30276
21.900,103.9329,148.1128,34.538,2.30394
21.920,103.8048,148.2546,34.400,2.30511
21.940,103.6759,148.3970,34.567,2.30628
21.960,103.5465,148.5397,34.675,2.30744
21.980,103.4169,148.6823,34.688,2.30859
22.000,103.2870,148.8249,34.716,2.30973
22.020,103.1566,148.9677,34.803,2.31087
22.040,103.0254,149.1110,34.972,2.31200
22.060,102.8940,149.2543,35.011,2.31313
22.080,102.7621,149.3977,35.073,2.31424
22.100,102.6291,149.5420,35.323,2.31535
22.120,102.4957,149.6864,35.380,2.31646
22.140,102.3619,149.8311,35.478,2.31755
22.160,102.2271,149.9763,35.657,2.31864
22.180,102.0912,150.1226,35.951,2.31973
22.200,101.9542,150.2697,36.172,2.32080
22.220,101.8168,150.4168,36.239,2.32187
22.240,101.6791,150.5640,36.277,2.32293
22.260,101.5421,150.7101,36.057,2.32399
22.280,101.4047,150.8563,36.109,2.32503
22.300,101.2679,151.0016,35.923,2.32607
22.320,101.1317,151.1460,35.738,2.32711
22.340,100.9948,151.2908,35.855,2.32813
22.360,100.8579,151.4353,35.837,2.32915
22.380,100.7205,151.5801,35.922,2.33016
22.400,100.5834,151.7242,35.809,2.33117
22.420,100.4453,151.8691,36.026,2.33217
22.440,100.3070,152.0139,36.051,2.33316
22.460,100.1677,152.1595,36.265,2.33414
22.480,100.0278,152.3054,36.386,2.33512
22.500,99.8877,152.4513,36.416,2.33609
22.520,99.7477,152.5968,36.330,2.33705
22.540,99.6076,152.7421,36.336,2.33800
22.560,99.4667,152.8878,36.485,2.33895
22.580,99.3253,153.0340,36.610,2.33989
22.600,99.1845,153.1791,36.395,2.34083
22.620,99.0429,153.3249,36.580,2.34175
22.640,98.9013,153.4704,36.541,2.34267
22.660,98.7590,153.6163,36.688,2.34359
22.680,98.6171,153.7616,36.562,2.34449
22.700,98.4746,153.9072,36.677,2.34539
22.720,98.3325,154.0522,36.534,2.34628
22.740,98.1902,154.1971,36.557,2.34717
22.760,98.0480,154.3416,36.504,2.34804
22.780,97.9058,154.4859,36.452,2.34891
22.800,97.7639,154.6296,36.350,2.34977
22.820,97.6220,154.7731,36.322,2.35063
22.840,97.4812,154.9152,36.009,2.35148
22.860,97.3397,155.0578,36.167,2.35232
22.880,97.1974,155.2010,36.340,2.35315
22.900,97.0553,155.3438,36.260,2.35398
22.920,96.9140,155.4854,36.012,2.35480
22.940,96.7731,155.6265,35.896,2.35561
22.960,96.6314,155.7682,36.066,2.35642
22.980,96.4891,155.9102,36.179,2.35721
23.000,96.3469,156.0518,36.125,2.35800
23.020,96.2040,156.1940,36.286,2.35879
23.040,96.0617,156.3353,36.099,2.35956
23.060,95.9198,156.4761,35.988,2.36033
23.080,95.7774,156.6171,36.074,2.36109
23.100,95.6349,156.7580,36.057,2.36185
23.120,95.4928,156.8983,35.951,2.36259
23.140,95.3523,157.0367,35.498,2.36333
23.160,95.2113,157.1756,35.619,2.36406
23.180,95.0700,157.3145,35.677,2.36479
23.200,94.9298,157.4521,35.364,2.36551
23.220,94.7890,157.5901,35.472,2.36622
23.240,94.6482,157.7279,35.469,2.36692
23.260,94.5071,157.8658,35.519,2.36762
23.280,94.3652,158.0043,35.690,2.36831
23.300,94.2237,158.1422,35.556,2.36899
23.320,94.0817,158.2805,35.685,2.36966
23.340,93.9390,158.4192,35.808,2.37033
23.360,93.7958,158.5583,35.945,2.37099
23.380,93.6512,158.6984,36.239,2.37164
23.400,93.5061,158.8389,36.358,2.37228
23.420,93.3613,158.9789,36.257,2.37292
23.440,93.2151,159.1201,36.581,2.37355
23.460,93.0697,159.2605,36.381,2.37417
23.480,92.9245,159.4004,36.298,2.37479
23.500,92.7798,159.5395,36.124,2.37540
23.520,92.6352,159.6785,36.106,2.37600
23.540,92.4897,159.8182,36.301,2.37659
23.560,92.3432,159.9587,36.534,2.37718
23.580,92.1963,160.0994,36.618,2.37776
23.600,92.0498,160.2396,36.508,2.37833
23.620,91.9035,160.3793,36.408,2.37889
23.640,91.7577,160.5186,36.300,2.37945
23.660,91.6110,160.6584,36.471,2.38000
23.680,91.4650,160.7975,36.308,2.38054
23.700,91.3182,160.9372,36.464,2.38107
23.720,91.1714,161.0767,36.458,2.38160
23.740,91.0244,161.2163,36.489,2.38212
23.760,90.8762,161.3568,36.761,2.38263
23.780,90.7283,161.4970,36.675,2.38314
23.800,90.5791,161.6382,36.975,2.38363
23.820,90.4309,161.7783,36.721,2.38412
23.840,90.2832,161.9179,36.572,2.38461
23.860,90.1366,162.0562,36.288,2.38508
23.880,89.9905,162.1940,36.154,2.38555
23.900,89.8438,162.3322,36.259,2.38601
23.920,89.6966,162.4707,36.392,2.38646
23.940,89.5491,162.6094,36.447,2.38691
23.960,89.4013,162.7483,36.495,2.38735
23.980,89.2544,162.8862,36.284,2.38778
24.000,89.1083,163.0232,36.045,2.38820
24.020,88.9620,163.1604,36.100,2.38862
24.040,88.8146,163.2984,36.342,2.38903
24.060,88.6674,163.4361,36.277,2.38943
24.080,88.5212,163.5728,36.048,2.38982
24.100,88.3759,163.7085,35.772,2.39021
24.120,88.2311,163.8437,35.650,2.39059
24.140,88.0852,163.9798,35.934,2.39096
24.160,87.9393,164.1158,35.897,2.39132
24.180,87.7941,164.2510,35.710,2.39168
24.200,87.6493,164.3858,35.600,2.39203
24.220,87.5049,164.5201,35.513,2.39237
24.240,87.3602,164.6546,35.561,2.39270
24.260,87.2159,164.7887,35.442,2.39303
24.280,87.0723,164.9220,35.282,2.39335
24.300,86.9287,165.0552,35.248,2.39366
24.320,86.7848,165.1887,35.332,2.39396
24.340,86.6403,165.3226,35.462,2.39426
24.360,86.4953,165.4568,35.561,2.39455
24.380,86.3507,165.5907,35.478,2.39483
24.400,86.2072,165.7234,35.173,2.39511
24.420,86.0643,165.8555,35.029,2.39537
24.440,85.9212,165.9878,35.081,2.39563
24.460,85.7790,166.1191,34.841,2.39588
24.480,85.6366,166.2505,34.886,2.39613
24.500,85.4946,166.3816,34.780,2.39637
24.520,85.3530,166.5122,34.675,2.39660
24.540,85.2105,166.6435,34.877,2.39682
24.560,85.0679,166.7750,34.916,2.39703
24.580,84.9242,166.9073,35.163,2.39724
24.600,84.7812,167.0390,34.993,2.39744
24.620,84.6373,167.1714,35.197,2.39763
24.640,84.4927,167.3044,35.361,2.39782
24.660,84.3503,167.4354,34.822,2.39799
24.680,84.2080,167.5663,34.806,2.39816
24.700,84.0645,167.6981,35.083,2.39832
24.720,83.9204,167.8305,35.223,2.39848
24.740,83.7766,167.9626,35.144,2.39863
24.760,83.6330,168.0945,35.102,2.39877
24.780,83.4903,168.2255,34.867,2.39890
24.800,83.3474,168.3566,34.905,2.39902
24.820,83.2058,168.4865,34.582,2.39914
24.840,83.0650,168.6157,34.399,2.39925
24.860,82.9234,168.7457,34.600,2.39935
24.880,82.7817,168.8756,34.597,2.39945
24.900,82.6403,169.0052,34.531,2.39953
24.920,82.4990,169.1348,34.512,2.39961
24.940,82.3556,169.2662,35.006,2.39969
24.960,82.2115,169.3983,35.192,2.39975
24.980,82.0679,169.5298,35.053,2.39981
25.000,81.9231,169.6625,35.353,2.39986
25.020,81.7783,169.7951,35.337,2.39990
25.040,81.6330,169.9283,35.470,2.39994
25.060,81.4882,170.0610,35.364,2.39996
25.080,81.3440,170.1930,35.195,2.39998
25.100,81.1992,170.3257,35.340,2.39999
25.120,81.0550,170.4578,35.201,2.40000
25.140,80.9114,170.5893,35.061,2.40000
25.160,80.7671,170.7215,35.222,2.39999
25.180,80.6237,170.8529,35.013,2.39997
25.200,80.4813,170.9833,34.758,2.39994
25.220,80.3385,171.1141,34.856,2.39991
25.240,80.1972,171.2436,34.503,2.39987
25.260,80.0564,171.3726,34.368,2.39982
25.280,79.9159,171.5014,34.302,2.39977
25.300,79.7764,171.6292,34.060,2.39971
25.320,79.6378,171.7563,33.859,2.39963
25.340,79.4986,171.8839,33.978,2.39956
25.360,79.3593,172.0117,34.031,2.39947
25.380,79.2206,172.1388,33.861,2.39938
25.400,79.0816,172.2664,33.956,2.39928
25.420,78.9415,172.3949,34.230,2.39917
25.440,78.8023,172.5226,33.999,2.39906
25.460,78.6632,172.6504,34.010,2.39893
25.480,78.5225,172.7795,34.366,2.39880
25.500,78.3815,172.9091,34.476,2.39867
25.520,78.2398,173.0392,34.622,2.39852
25.540,78.0984,173.1692,34.586,2.39837
25.560,77.9575,173.2987,34.442,2.39821
25.580,77.8158,173.4290,34.648,2.39804
25.600,77.6737,173.5598,34.766,2.39786
25.620,77.5316,173.6906,34.757,2.39768
25.640,77.3899,173.8210,34.673,2.39749
25.660,77.2495,173.9503,34.358,2.39729
25.680,77.1090,174.0798,34.386,2.39709
25.700,76.9690,174.2088,34.262,2.39688
25.720,76.8292,174.3377,34.238,2.39666
25.740,76.6889,174.4672,34.359,2.39643
25.760,76.5480,174.5972,34.506,2.39619
25.780,76.4067,174.7277,34.636,2.39595
25.800,76.2637,174.8599,35.042,2.39570
25.820,76.1199,174.9928,35.251,2.39544
25.840,75.9766,175.1253,35.117,2.39518
25.860,75.8341,175.2572,34.970,2.39491
25.880,75.6898,175.3908,35.389,2.39463
25.900,75.5461,175.5240,35.269,2.39434
25.920,75.4024,175.6571,35.262,2.39405
25.940,75.2575,175.7916,35.576,2.39374
25.960,75.1114,175.9272,35.884,2.39343
25.980,74.9653,176.0628,35.875,2.39312
26.000,74.8192,176.1987,35.918,2.39279
26.020,74.6742,176.3334,35.624,2.39246
26.040,74.5300,176.4676,35.460,2.39212
26.060,74.3861,176.6016,35.395,2.39177
26.080,74.2423,176.7357,35.393,2.39142
26.100,74.0987,176.8696,35.335,2.39106
26.120,73.9551,177.0036,35.363,2.39069
26.140,73.8099,177.1392,35.757,2.39031
26.160,73.6644,177.2752,35.841,2.38993
26.180,73.5188,177.4114,35.897,2.38954
26.200,73.3732,177.5477,35.897,2.38914
26.220,73.2278,177.6840,35.866,2.38873
26.240,73.0816,177.8211,36.088,2.38832
26.260,72.9361,177.9576,35.909,2.38789
26.280,72.7908,178.0941,35.887,2.38747
26.300,72.6463,178.2299,35.690,2.38703
26.320,72.5019,178.3659,35.705,2.38659
26.340,72.3574,178.5020,35.727,2.38614
26.360,72.2123,178.6387,35.892,2.38568
26.380,72.0664,178.7764,36.108,2.38521
26.400,71.9201,178.9146,36.227,2.38474
26.420,71.7726,179.0540,36.519,2.38426
26.440,71.6241,179.1945,36.805,2.38377
26.460,71.4755,179.3354,36.862,2.38327
26.480,71.3266,179.4765,36.929,2.38277
26.500,71.1792,179.6164,36.581,2.38226
26.520,71.0316,179.7566,36.638,2.38174
26.540,70.8841,179.8969,36.637,2.38122
26.560,70.7380,180.0361,36.333,2.38069
26.580,70.5922,180.1751,36.256,2.38015
26.600,70.4457,180.3148,36.428,2.37960
26.620,70.3003,180.4537,36.205,2.37904
26.640,70.1540,180.5937,36.438,2.37848
26.660,70.0075,180.7340,36.523,2.37791
26.680,69.8611,180.8742,36.482,2.37734
26.700,69.7150,181.0145,36.457,2.37675
26.720,69.5684,181.1554,36.606,2.37616
26.740,69.4228,181.2954,36.348,2.37556
26.760,69.2759,181.4369,36.716,2.37496
26.780,69.1297,181.5779,36.569,2.37434
26.800,68.9841,181.7185,36.432,2.37372
26.820,68.8377,181.8600,36.651,2.37309
26.840,68.6908,182.0022,36.794,2.37246
26.860,68.5431,182.1454,37.032,2.37182
26.880,68.3947,182.2894,37.220,2.37117
26.900,68.2461,182.4338,37.288,2.37051
26.920,68.0986,182.5773,37.058,2.36984
26.940,67.9515,182.7207,36.973,2.36917
26.960,67.8043,182.8643,37.009,2.36849
26.980,67.6572,183.0080,37.006,2.36781
27.000,67.5118,183.1503,36.636,2.36711
27.020,67.3656,183.2935,36.824,2.36641
27.040,67.2184,183.4380,37.136,2.36570
27.060,67.0702,183.5836,37.400,2.36499
27.080,66.9228,183.7286,37.216,2.36426
27.100,66.7752,183.8740,37.295,2.36353
27.120,66.6293,184.0181,36.912,2.36280
27.140,66.4822,184.1634,37.216,2.36205
27.160,66.3366,184.3075,36.867,2.36130
27.180,66.1909,184.4520,36.941,2.36054
27.200,66.0444,184.5974,37.150,2.35977
27.220,65.8972,184.7438,37.383,2.35900
27.240,65.7498,184.8906,37.445,2.35822
27.260,65.6035,185.0365,37.188,2.35743
27.280,65.4574,185.1825,37.170,2.35663
27.300,65.3116,185.3284,37.121,2.35583
27.320,65.1657,185.4746,37.188,2.35502
27.340,65.0192,185.6217,37.366,2.35420
27.360,64.8724,185.7694,37.485,2.35338
27.380,64.7242,185.9187,37.867,2.35255
27.400,64.5756,186.0686,37.986,2.35171
27.420,64.4275,186.2183,37.916,2.35086
27.440,64.2783,186.3693,38.209,2.35001
27.460,64.1295,186.5203,38.152,2.34915
27.480,63.9806,186.6715,38.203,2.34828
27.500,63.8317,186.8230,38.236,2.34741
27.520,63.6846,186.9730,37.823,2.34652
27.540,63.5374,187.1234,37.873,2.34564
27.560,63.3901,187.2741,37.925,2.34474
27.580,63.2432,187.4247,37.887,2.34384
27.600,63.0964,187.5754,37.862,2.34293
27.620,62.9507,187.7253,37.630,2.34201
27.640,62.8051,187.8754,37.645,2.34108
27.660,62.6585,188.0267,37.916,2.34015
27.680,62.5122,188.1781,37.884,2.33921
27.700,62.3665,188.3292,37.790,2.33827
27.720,62.2213,188.4800,37.681,2.33731
27.740,62.0748,188.6323,38.044,2.33635
27.760,61.9295,188.7839,37.800,2.33538
27.780,61.7837,188.9362,37.952,2.33441
27.800,61.6379,189.0887,37.972,2.33343
27.820,61.4910,189.2428,38.318,2.33244
27.840,61.3434,189.3979,38.554,2.33144
27.860,61.1959,189.5532,38.538,2.33044
27.880,61.0497,189.7074,38.260,2.32943
27.900,60.9026,189.8629,38.518,2.32841
27.920,60.7547,190.0196,38.780,2.32739
27.940,60.6078,190.1756,38.581,2.32636
27.960,60.4605,190.3323,38.715,2.32532
27.980,60.3138,190.4886,38.571,2.32427
28.000,60.1679,190.6444,38.431,2.32322
28.020,60.0233,190.7993,38.142,2.32216
28.040,59.8782,190.9550,38.310,2.32109
28.060,59.7330,191.1110,38.358,2.32002
28.080,59.5877,191.2676,38.447,2.31894
28.100,59.4416,191.4253,38.709,2.31785
28.120,59.2952,191.5838,38.829,2.31676
28.140,59.1486,191.7428,38.934,2.31566
28.160,59.0016,191.9025,39.069,2.31455
28.180,58.8556,192.0616,38.878,2.31343
28.200,58.7097,192.2209,38.872,2.31231
28.220,58.5648,192.3794,38.654,2.31118
28.240,58.4208,192.5374,38.492,2.31005
28.260,58.2769,192.6956,38.476,2.30890
28.280,58.1326,192.8546,38.667,2.30775
28.300,57.9870,193.0154,39.037,2.30660
28.320,57.8424,193.1755,38.842,2.30543
28.340,57.6978,193.3360,38.873,2.30426
28.360,57.5534,193.4965,38.861,2.30308
28.380,57.4089,193.6576,38.956,2.30190
28.400,57.2642,193.8194,39.060,2.30071
28.420,57.1195,193.9815,39.126,2.29951
28.440,56.9756,194.1431,38.951,2.29830
28.460,56.8316,194.3052,39.023,2.29709
28.480,56.6872,194.4681,39.183,2.29587
28.500,56.5434,194.6308,39.091,2.29465
28.520,56.3985,194.7952,39.447,2.29342
28.540,56.2539,194.9596,39.405,2.29218
28.560,56.1100,195.1237,39.290,2.29093
28.580,55.9660,195.2882,39.344,2.28968
28.600,55.8224,195.4527,39.297,2.28842
28.620,55.6800,195.6163,39.051,2.28715
28.640,55.5378,195.7801,39.047,2.28588
28.660,55.3947,195.9452,39.334,2.28460
28.680,55.2505,196.1121,39.694,2.28331
28.700,55.1069,196.2788,39.592,2.28202
28.720,54.9630,196.4463,39.755,2.28071
28.740,54.8192,196.6141,39.779,2.27941
28.760,54.6754,196.7823,39.830,2.27809
28.780,54.5310,196.9516,40.058,2.27677
28.800,54.3863,197.1218,40.212,2.27545
28.820,54.2417,197.2923,40.239,2.27411
28.840,54.0980,197.4623,40.072,2.27277
28.860,53.9552,197.6316,39.870,2.27142
28.880,53.8126,197.8011,39.858,2.27007
28.900,53.6701,197.9710,39.917,2.26871
28.920,53.5275,198.1415,40.007,2.26734
28.940,53.3847,198.3128,40.148,2.26596
28.960,53.2414,198.4850,40.324,2.26458
28.980,53.0999,198.6556,39.892,2.26320
29.000,52.9581,198.8271,40.054,2.26180
29.020,52.8172,198.9979,39.866,2.26040
29.040,52.6758,199.1699,40.066,2.25899
29.060,52.5345,199.3422,40.127,2.25758
29.080,52.3930,199.5153,40.240,2.25616
29.100,52.2521,199.6882,40.143,2.25473
29.120,52.1112,199.8615,40.194,2.25330
29.140,51.9718,200.0335,39.858,2.25186
29.160,51.8320,200.2066,40.055,2.25041
29.180,51.6926,200.3796,39.995,2.24895
29.200,51.5550,200.5508,39.529,2.24749
29.220,51.4171,200.7231,39.720,2.24603
29.240,51.2784,200.8968,40.022,2.24455
29.260,51.1404,201.0701,39.865,2.24307
29.280,51.0020,201.2445,40.083,2.24159
29.300,50.8643,201.4186,39.948,2.24009
29.320,50.7283,201.5911,39.540,2.23859
29.340,50.5927,201.7635,39.476,2.23709
29.360,50.4573,201.9363,39.534,2.23558
29.380,50.3219,202.1095,39.558,2.23406
29.400,50.1868,202.2830,39.577,2.23253
29.420,50.0518,202.4569,39.630,2.23100
29.440,49.9169,202.6312,39.669,2.22946
29.460,49.7824,202.8055,39.630,2.22792
29.480,49.6486,202.9795,39.522,2.22637
29.500,49.5152,203.1536,39.474,2.22481
29.520,49.3822,203.3276,39.411,2.22324
29.540,49.2498,203.5015,39.356,2.22167
29.560,49.1182,203.6748,39.158,2.22010
29.580,48.9873,203.8478,39.060,2.21851
29.600,48.8566,204.0212,39.075,2.21692
29.620,48.7260,204.1949,39.131,2.21533
29.640,48.5957,204.3689,39.119,2.21373
29.660,48.4658,204.5429,39.086,2.21212
29.680,48.3358,204.7175,39.182,2.21050
29.700,48.2057,204.8930,39.329,2.20888
29.720,48.0754,205.0693,39.451,2.20725
29.740,47.9465,205.2443,39.136,2.20562
29.760,47.8181,205.4193,39.054,2.20398
29.780,47.6896,205.5949,39.181,2.20233
29.800,47.5611,205.7713,39.274,2.20068
29.820,47.4324,205.9483,39.397,2.19902
29.840,47.3039,206.1259,39.453,2.19736
29.860,47.1762,206.3030,39.300,2.19569
29.880,47.0480,206.4812,39.520,2.19401
29.900,46.9210,206.6586,39.275,2.19232
29.920,46.7937,206.8370,39.452,2.19063
29.940,46.6666,207.0157,39.449,2.18894
29.960,46.5408,207.1933,39.184,2.18724
29.980,46.4155,207.3708,39.113,2.18553
30.000,46.2898,207.5495,39.330,2.18381
30.020,46.1647,207.7279,39.224,2.18209
30.040,46.0406,207.9056,39.006,2.18036
30.060,45.9170,208.0833,38.954,2.17863
30.080,45.7942,208.2605,38.807,2.17689
30.100,45.6724,208.4368,38.581,2.17515
30.120,45.5507,208.6138,38.660,2.17340
30.140,45.4288,208.7916,38.804,2.17164
30.160,45.3076,208.9692,38.705,2.16987
30.180,45.1863,209.1474,38.799,2.16811
30.200,45.0657,209.3255,38.729,2.16633
30.220,44.9453,209.5038,38.711,2.16455
30.240,44.8253,209.6824,38.733,2.16276
30.260,44.7047,209.8624,39.002,2.16097
30.280,44.5841,210.0431,39.094,2.15917
30.300,44.4645,210.2231,38.914,2.15736
30.320,44.3449,210.4038,39.007,2.15555
30.340,44.2257,210.5845,38.967,2.15373
30.360,44.1071,210.7651,38.883,2.15191
30.380,43.9893,210.9452,38.732,2.15008
30.400,43.8719,211.1254,38.727,2.14824
30.420,43.7548,211.3059,38.716,2.14640
30.440,43.6383,211.4862,38.644,2.14455
30.460,43.5228,211.6655,38.393,2.14270
30.480,43.4086,211.8437,38.086,2.14084
30.500,43.2947,212.0221,38.109,2.13898
30.520,43.1810,212.2009,38.141,2.13710
30.540,43.0665,212.3818,38.534,2.13523
30.560,42.9524,212.5627,38.502,2.13335
30.580,42.8381,212.7447,38.686,2.13146
30.600,42.7236,212.9280,38.901,2.12956
30.620,42.6094,213.1114,38.890,2.12766
30.640,42.4955,213.2951,38.904,2.12576
30.660,42.3822,213.4787,38.826,2.12384
30.680,42.2683,213.6639,39.146,2.12193
30.700,42.1556,213.8481,38.874,2.12000
30.720,42.0432,214.0325,38.867,2.11808
30.740,41.9305,214.2183,39.116,2.11614
30.760,41.8182,214.4042,39.097,2.11420
30.780,41.7065,214.5899,38.994,2.11225
30.800,41.5951,214.7759,39.036,2.11030
30.820,41.4838,214.9627,39.131,2.10834
30.840,41.3726,215.1501,39.233,2.10638
30.860,41.2616,215.3380,39.284,2.10441
30.880,41.1505,215.5268,39.419,2.10244
30.900,41.0394,215.7166,39.589,2.10046
30.920,40.9292,215.9057,39.390,2.09847
30.940,40.8196,216.0946,39.322,2.09648
30.960,40.7099,216.2846,39.478,2.09448
30.980,40.6004,216.4751,39.566,2.09248
31.000,40.4911,216.6661,39.608,2.09047
31.020,40.3819,216.8579,39.729,2.08846
31.040,40.2726,217.0508,39.901,2.08644
31.060,40.1641,217.2431,39.746,2.08441
31.080,40.0566,217.4346,39.526,2.08238
31.100,39.9500,217.6253,39.318,2.08035
31.120,39.8430,217.8178,39.652,2.07831
31.140,39.7368,218.0096,39.463,2.07626
31.160,39.6312,218.2014,39.420,2.07421
31.180,39.5260,218.3933,39.387,2.07215
31.200,39.4207,218.5863,39.573,2.07009
31.220,39.3167,218.7780,39.260,2.06802
31.240,39.2131,218.9699,39.253,2.06594
31.260,39.1093,219.1631,39.471,2.06386
31.280,39.0054,219.3574,39.672,2.06178
31.300,38.9017,219.5524,39.746,2.05969
31.320,38.7985,219.7473,39.699,2.05759
31.340,38.6949,219.9440,40.015,2.05549
31.360,38.5925,220.1394,39.714,2.05338
31.380,38.4901,220.3360,39.891,2.05127
31.400,38.3878,220.5332,39.982,2.04916
31.420,38.2857,220.7311,40.089,2.04703
31.440,38.1839,220.9295,40.136,2.04491
31.460,38.0825,221.1283,40.173,2.04277
31.480,37.9810,221.3281,40.341,2.04063
31.500,37.8805,221.5271,40.133,2.03849
31.520,37.7810,221.7252,39.909,2.03634
31.540,37.6818,221.9237,39.938,2.03419
31.560,37.5830,222.1224,39.948,2.03203
31.580,37.4846,222.3215,39.977,2.02987
31.600,37.3859,222.5223,40.263,2.02770
31.620,37.2879,222.7227,40.159,2.02552
31.640,37.1900,222.9240,40.294,2.02334
31.660,37.0924,223.1259,40.363,2.02116
31.680,36.9942,223.3302,40.789,2.01897
31.700,36.8971,223.5333,40.537,2.01677
31.720,36.8006,223.7362,40.439,2.01457
31.740,36.7048,223.9389,40.357,2.01236
31.760,36.6089,224.1430,40.594,2.01015
31.780,36.5138,224.3466,40.447,2.00794
31.800,36.4184,224.5519,40.745,2.00572
31.820,36.3228,224.7588,41.033,2.00349
31.840,36.2273,224.9668,41.189,2.00126
31.860,36.1321,225.1754,41.267,1.99903
31.880,36.0380,225.3827,40.987,1.99678
31.900,35.9443,225.5904,41.020,1.99454
31.920,35.8517,225.7971,40.762,1.99229
31.940,35.7596,226.0036,40.697,1.99003
31.960,35.6680,226.2105,40.734,1.98777
31.980,35.5769,226.4173,40.678,1.98551
32.000,35.4860,226.6253,40.849,1.98324
32.020,35.3955,226.8333,40.826,1.98096
32.040,35.3062,227.0400,40.547,1.97868
32.060,35.2177,227.2460,40.356,1.97640
32.080,35.1302,227.4511,40.127,1.97411
32.100,35.0433,227.6560,40.070,1.97181
32.120,34.9564,227.8623,40.295,1.96951
32.140,34.8698,228.0693,40.386,1.96721
32.160,34.7835,228.2768,40.447,1.96490
32.180,34.6982,228.4833,40.216,1.96258
32.200,34.6124,228.6922,40.642,1.96027
32.220,34.5272,228.9012,40.637,1.95794
32.240,34.4416,229.1127,41.072,1.95561
32.260,34.3567,229.3236,40.916,1.95328
32.280,34.2726,229.5341,40.814,1.95094
32.300,34.1880,229.7473,41.282,1.94860
32.320,34.1043,229.9597,41.088,1.94625
32.340,34.0209,230.1726,41.163,1.94390
32.360,33.9382,230.3855,41.103,1.94155
32.380,33.8563,230.5977,40.956,1.93918
32.400,33.7740,230.8122,41.345,1.93682
32.420,33.6927,231.0259,41.164,1.93445
32.440,33.6115,231.2407,41.326,1.93207
32.460,33.5305,231.4567,41.525,1.92969
32.480,33.4504,231.6719,41.343,1.92731
32.500,33.3714,231.8856,41.001,1.92492
32.520,33.2935,232.0978,40.681,1.92253
32.540,33.2164,232.3094,40.537,1.92013
32.560,33.1398,232.5214,40.577,1.91773
32.580,33.0635,232.7338,40.637,1.91532
32.600,32.9878,232.9463,40.603,1.91291
32.620,32.9127,233.1589,40.584,1.91050
32.640,32.8378,233.3726,40.759,1.90808
32.660,32.7631,233.5872,40.898,1.90565
32.680,32.6888,233.8023,40.966,1.90322
32.700,32.6153,234.0171,40.855,1.90079
32.720,32.5420,234.2327,40.995,1.89835
32.740,32.4692,234.4487,41.027,1.89591
32.760,32.3972,234.6641,40.893,1.89347
32.780,32.3259,234.8792,40.789,1.89102
32.800,32.2547,235.0957,41.010,1.88856
32.820,32.1834,235.3140,41.342,1.88610
32.840,32.1129,235.5320,41.247,1.88364
32.860,32.0436,235.7483,40.873,1.88117
32.880,31.9746,235.9652,40.979,1.87870
32.900,31.9064,236.1815,40.816,1.87622
32.920,31.8385,236.3986,40.948,1.87374
32.940,31.7713,236.6155,40.880,1.87126
32.960,31.7040,236.8348,41.282,1.86877
32.980,31.6372,237.0543,41.302,1.86628
33.000,31.5706,237.2748,41.464,1.86378
33.020,31.5050,237.4944,41.246,1.86128
33.040,31.4407,237.7114,40.738,1.85877
33.060,31.3769,237.9287,40.762,1.85626
33.080,31.3137,238.1464,40.810,1.85375
33.100,31.2507,238.3649,40.939,1.85123
33.120,31.1885,238.5831,40.840,1.84871
33.140,31.1271,238.8002,40.607,1.84618
33.160,31.0668,239.0159,40.319,1.84365
33.180,31.0068,239.2323,40.418,1.84112
33.200,30.9472,239.4495,40.546,1.83858
33.220,30.8884,239.6661,40.389,1.83604
33.240,30.8302,239.8822,40.294,1.83349
33.260,30.7728,240.0979,40.163,1.83094
33.280,30.7165,240.3118,39.821,1.82839
33.300,30.6606,240.5261,39.857,1.82583
33.320,30.6051,240.7413,40.010,1.82327
33.340,30.5502,240.9564,39.969,1.82070
33.360,30.4962,241.1704,39.713,1.81813
33.380,30.4427,241.3842,39.678,1.81556
33.400,30.3896,241.5995,39.923,1.81298
33.420,30.3364,241.8171,40.307,1.81040
33.440,30.2838,242.0350,40.355,1.80782
33.460,30.2319,242.2523,40.213,1.80523
33.480,30.1810,242.4678,39.856,1.80264
33.500,30.1310,242.6819,39.577,1.80004
33.520,30.0816,242.8961,39.561,1.79744
33.540,30.0328,243.1106,39.602,1.79484
33.560,29.9844,243.3255,39.648,1.79223
33.580,29.9366,243.5402,39.601,1.78962
33.600,29.8898,243.7536,39.323,1.78700
33.620,29.8438,243.9656,39.039,1.78439
33.640,29.7983,244.1778,39.066,1.78176
33.660,29.7536,244.3893,38.917,1.77914
33.680,29.7092,244.6022,39.152,1.77651
33.700,29.6656,244.8139,38.890,1.77388
33.720,29.6223,245.0272,39.193,1.77124
33.740,29.5796,245.2401,39.073,1.76860
33.760,29.5375,245.4532,39.114,1.76596
33.780,29.4958,245.6668,39.154,1.76331
33.800,29.4549,245.8800,39.092,1.76066
33.820,29.4148,246.0914,38.729,1.75800
33.840,29.3754,246.3025,38.643,1.75535
33.860,29.3363,246.5151,38.917,1.75269
33.880,29.2980,246.7266,38.686,1.75002
33.900,29.2606,246.9363,38.354,1.74735
33.920,29.2237,247.1460,38.315,1.74468
33.940,29.1876,247.3553,38.241,1.74201
33.960,29.1521,247.5635,38.008,1.73933
33.980,29.1174,247.7710,37.873,1.73665
34.000,29.0833,247.9782,37.786,1.73396
34.020,29.0498,248.1850,37.712,1.73127
34.040,29.0169,248.3920,37.741,1.72858
34.060,28.9844,248.5999,37.868,1.72589
34.080,28.9524,248.8082,37.938,1.72319
34.100,28.9209,249.0170,37.999,1.72049
34.120,28.8897,249.2275,38.302,1.71778
34.140,28.8590,249.4391,38.499,1.71507
34.160,28.8292,249.6480,37.975,1.71236
34.180,28.8001,249.8566,37.909,1.70965
34.200,28.7717,250.0637,37.626,1.70693
34.220,28.7440,250.2702,37.502,1.70421
34.240,28.7167,250.4775,37.640,1.70149
34.260,28.6901,250.6847,37.604,1.69876
34.280,28.6640,250.8915,37.527,1.69603
34.300,28.6384,251.0998,37.764,1.69330
34.320,28.6135,251.3066,37.493,1.69056
34.340,28.5892,251.5133,37.476,1.68782
34.360,28.5654,251.7207,37.575,1.68508
34.380,28.5422,251.9282,37.580,1.68233
34.400,28.5196,252.1346,37.370,1.67958
34.420,28.4976,252.3410,37.366,1.67683
34.440,28.4762,252.5483,37.511,1.67408
34.460,28.4552,252.7560,37.576,1.67132
34.480,28.4348,252.9641,37.633,1.66856
34.500,28.4149,253.1725,37.688,1.66580
34.520,28.3956,253.3811,37.713,1.66303
34.540,28.3770,253.5886,37.489,1.66026
34.560,28.3590,253.7958,37.434,1.65749
34.580,28.3416,254.0034,37.511,1.65471
34.600,28.3249,254.2080,36.951,1.65194
34.620,28.3088,254.4134,37.087,1.64916
34.640,28.2932,254.6192,37.148,1.64637
34.660,28.2783,254.8240,36.952,1.64359
34.680,28.2640,255.0280,36.818,1.64080
34.700,28.2503,255.2319,36.781,1.63801
34.720,28.2371,255.4362,36.856,1.63521
34.740,28.2245,255.6402,36.788,1.63241
34.760,28.2124,255.8454,36.999,1.62962
34.780,28.2009,256.0511,37.073,1.62681
34.800,28.1900,256.2559,36.931,1.62401
34.820,28.1796,256.4604,36.846,1.62120
34.840,28.1699,256.6651,36.887,1.61839
34.860,28.1607,256.8705,37.019,1.61558
34.880,28.1520,257.0767,37.141,1.61276
34.900,28.1440,257.2828,37.123,1.60994
34.920,28.1365,257.4890,37.150,1.60712
34.940,28.1296,257.6953,37.146,1.60430
34.960,28.1232,257.9024,37.294,1.60147
34.980,28.1175,258.1085,37.116,1.59864
35.000,28.1123,258.3152,37.225,1.59581
35.020,28.1077,258.5201,36.891,1.59298
35.040,28.1038,258.7255,36.972,1.59014
35.060,28.1004,258.9311,37.019,1.58731
35.080,28.0976,259.1368,37.019,1.58446
35.100,28.0954,259.3403,36.635,1.58162
35.120,28.0937,259.5454,36.917,1.57878
35.140,28.0927,259.7513,37.078,1.57593
35.160,28.0922,259.9574,37.083,1.57308
35.180,28.0923,260.1638,37.166,1.57023
35.200,28.0930,260.3694,36.996,1.56737
35.220,28.0943,260.5754,37.089,1.56451
35.240,28.0962,260.7830,37.369,1.56165
35.260,28.0987,260.9894,37.157,1.55879
35.280,28.1018,261.1985,37.642,1.55593
35.300,28.1055,261.4072,37.563,1.55306
35.320,28.1098,261.6167,37.712,1.55019
35.340,28.1147,261.8253,37.564,1.54732
35.360,28.1202,262.0343,37.634,1.54445
35.380,28.1263,262.2420,37.405,1.54158
35.400,28.1329,262.4490,37.286,1.53870
35.420,28.1402,262.6558,37.245,1.53582
35.440,28.1480,262.8619,37.127,1.53294
35.460,28.1564,263.0678,37.083,1.53006
35.480,28.1654,263.2746,37.259,1.52717
35.500,28.1750,263.4801,37.029,1.52428
35.520,28.1851,263.6844,36.814,1.52139
35.540,28.1958,263.8886,36.822,1.51850
35.560,28.2070,264.0923,36.721,1.51561
35.580,28.2188,264.2950,36.540,1.51271
35.600,28.2312,264.4978,36.564,1.50982
35.620,28.2441,264.6999,36.462,1.50692
35.640,28.2576,264.9024,36.523,1.50402
35.660,28.2718,265.1047,36.516,1.50111
35.680,28.2865,265.3069,36.480,1.49821
35.700,28.3017,265.5089,36.467,1.49530
35.720,28.3177,265.7119,36.651,1.49239
35.740,28.3343,265.9161,36.888,1.48948
35.760,28.3516,266.1202,36.859,1.48657
35.780,28.3693,266.3232,36.674,1.48366
35.800,28.3875,266.5246,36.402,1.48074
35.820,28.4060,266.7237,36.000,1.47782
35.840,28.4251,266.9216,35.788,1.47490
35.860,28.4446,267.1186,35.635,1.47198
35.880,28.4647,267.3155,35.625,1.46906
35.900,28.4852,267.5105,35.287,1.46613
35.920,28.5064,267.7068,35.544,1.46321
35.940,28.5283,267.9041,35.735,1.46028
35.960,28.5509,268.1026,35.960,1.45735
35.980,28.5740,268.3005,35.867,1.45442
36.000,28.5978,268.4986,35.911,1.45149
36.020,28.6220,268.6957,35.741,1.44855
36.040,28.6470,268.8942,36.020,1.44562
36.060,28.6724,269.0915,35.801,1.44268
36.080,28.6983,269.2882,35.709,1.43974
36.100,28.7250,269.4862,35.965,1.43680
36.120,28.7526,269.6866,36.413,1.43386
36.140,28.7808,269.8868,36.397,1.43092
36.160,28.8096,270.0866,36.322,1.42797
36.180,28.8385,270.2837,35.871,1.42503
36.200,28.8683,270.4825,36.179,1.42208
36.220,28.8987,270.6815,36.234,1.41913
36.240,28.9294,270.8785,35.895,1.41618
36.260,28.9608,271.0763,36.052,1.41323
36.280,28.9929,271.2747,36.162,1.41027
36.300,29.0256,271.4725,36.099,1.40732
36.320,29.0587,271.6698,35.998,1.40437
36.340,29.0926,271.8676,36.130,1.40141
36.360,29.1270,272.0656,36.172,1.39845
36.380,29.1621,272.2639,36.259,1.39549
36.400,29.1981,272.4634,36.480,1.39253
36.420,29.2348,272.6639,36.695,1.38957
36.440,29.2723,272.8651,36.832,1.38661
36.460,29.3105,273.0667,36.937,1.38364
36.480,29.3490,273.2670,36.707,1.38068
36.500,29.3879,273.4660,36.506,1.37771
36.520,29.4276,273.6657,36.654,1.37474
36.540,29.4680,273.8660,36.770,1.37177
36.560,29.5091,274.0666,36.863,1.36880
36.580,29.5509,274.2680,37.015,1.36583
36.600,29.5933,274.4686,36.915,1.36286
36.620,29.6363,274.6697,37.017,1.35989
36.640,29.6798,274.8697,36.839,1.35692
36.660,29.7238,275.0696,36.850,1.35394
36.680,29.7687,275.2703,37.017,1.35097
36.700,29.8140,275.4702,36.895,1.34799
36.720,29.8603,275.6719,37.247,1.34501
36.740,29.9075,275.8746,37.451,1.34203
36.760,29.9556,276.0784,37.698,1.33905
36.780,30.0042,276.2819,37.660,1.33607
36.800,30.0532,276.4839,37.410,1.33309
36.820,30.1025,276.6850,37.284,1.33011
36.840,30.1526,276.8866,37.384,1.32713
36.860,30.2033,277.0877,37.333,1.32414
36.880,30.2547,277.2894,37.463,1.32116
36.900,30.3068,277.4911,37.490,1.31817
36.920,30.3593,277.6920,37.384,1.31519
36.940,30.4126,277.8937,37.552,1.31220
36.960,30.4669,278.0965,37.796,1.30921
36.980,30.5216,278.2985,37.664,1.30623
37.000,30.5771,278.5008,37.756,1.30324
37.020,30.6332,278.7030,37.784,1.30025
37.040,30.6900,278.9054,37.835,1.29726
37.060,30.7473,279.1075,37.816,1.29427
37.080,30.8049,279.3083,37.590,1.29128
37.100,30.8636,279.5102,37.844,1.28829
37.120,30.9225,279.7109,37.656,1.28529
37.140,30.9817,279.9106,37.500,1.28230
37.160,31.0418,280.1108,37.618,1.27931
37.180,31.1025,280.3110,37.650,1.27631
37.200,31.1636,280.5102,37.507,1.27332
37.220,31.2251,280.7086,37.388,1.27033
37.240,31.2871,280.9067,37.360,1.26733
37.260,31.3496,281.1041,37.281,1.26434
37.280,31.4129,281.3020,37.398,1.26134
37.300,31.4764,281.4986,37.188,1.25834
37.320,31.5406,281.6954,37.254,1.25535
37.340,31.6058,281.8934,37.529,1.25235
37.360,31.6718,282.0914,37.565,1.24935
37.380,31.7380,282.2884,37.405,1.24635
37.400,31.8046,282.4844,37.275,1.24336
37.420,31.8718,282.6804,37.283,1.24036
37.440,31.9394,282.8755,37.171,1.23736
37.460,32.0080,283.0716,37.393,1.23436
37.480,32.0766,283.2657,37.062,1.23136
37.500,32.1462,283.4612,37.357,1.22836
37.520,32.2158,283.6546,36.992,1.22536
37.540,32.2860,283.8477,36.985,1.22236
37.560,32.3563,284.0396,36.790,1.21937
37.580,32.4276,284.2321,36.938,1.21637
37.600,32.4991,284.4236,36.798,1.21337
37.620,32.5708,284.6138,36.594,1.21037
37.640,32.6429,284.8035,36.533,1.20737
37.660,32.7155,284.9926,36.459,1.20437
37.680,32.7879,285.1797,36.111,1.20137
37.700,32.8611,285.3670,36.193,1.19837
37.720,32.9340,285.5519,35.762,1.19537
37.740,33.0078,285.7376,35.974,1.19237
37.760,33.0821,285.9227,35.914,1.18937
37.780,33.1573,286.1086,36.086,1.18637
37.800,33.2328,286.2937,35.978,1.18337
37.820,33.3085,286.4778,35.835,1.18037
37.840,33.3851,286.6622,35.952,1.17737
37.860,33.4620,286.8459,35.847,1.17437
37.880,33.5389,287.0280,35.569,1.17137
37.900,33.6162,287.2097,35.553,1.16837
37.920,33.6936,287.3900,35.305,1.16537
37.940,33.7715,287.5700,35.303,1.16237
37.960,33.8504,287.7510,35.551,1.15937
37.980,33.9304,287.9327,35.724,1.15638
38.000,34.0108,288.1141,35.725,1.15338
38.020,34.0918,288.2951,35.695,1.15038
38.040,34.1731,288.4756,35.638,1.14738
38.060,34.2547,288.6553,35.523,1.14439
38.080,34.3370,288.8351,35.587,1.14139
38.100,34.4198,289.0144,35.558,1.13839
38.120,34.5030,289.1932,35.490,1.13540
38.140,34.5868,289.3720,35.538,1.13240
38.160,34.6703,289.5486,35.175,1.12941
38.180,34.7551,289.7268,35.527,1.12641
38.200,34.8408,289.9054,35.641,1.12342
38.220,34.9264,290.0824,35.390,1.12042
38.240,35.0125,290.2592,35.410,1.11743
38.260,35.0987,290.4348,35.207,1.11444
38.280,35.1852,290.6096,35.110,1.11145
38.300,35.2718,290.7834,34.949,1.10846
38.320,35.3594,290.9579,35.146,1.10546
38.340,35.4467,291.1304,34.800,1.10247
38.360,35.5343,291.3024,34.736,1.09948
38.380,35.6217,291.4726,34.439,1.09649
38.400,35.7096,291.6425,34.436,1.09351
38.420,35.7978,291.8119,34.378,1.09052
38.440,35.8859,291.9797,34.125,1.08753
38.460,35.9752,292.1486,34.384,1.08454
38.480,36.0657,292.3186,34.666,1.08156
38.500,36.1564,292.4879,34.564,1.07857
38.520,36.2479,292.6573,34.658,1.07559
38.540,36.3399,292.8263,34.631,1.07261
38.560,36.4324,292.9952,34.675,1.06962
38.580,36.5262,293.1652,34.951,1.06664
38.600,36.6204,293.3347,34.903,1.06366
38.620,36.7160,293.5055,35.225,1.06068
38.640,36.8119,293.6758,35.173,1.05770
38.660,36.9083,293.8456,35.156,1.05472
38.680,37.0061,294.0169,35.497,1.05175
38.700,37.1046,294.1880,35.546,1.04877
38.720,37.2025,294.3572,35.180,1.04579
38.740,37.3011,294.5262,35.221,1.04282
38.760,37.3995,294.6938,34.990,1.03985
38.780,37.4976,294.8597,34.691,1.03687
38.800,37.5957,295.0245,34.521,1.03390
38.820,37.6944,295.1893,34.580,1.03093
38.840,37.7931,295.3529,34.379,1.02796
38.860,37.8915,295.5149,34.127,1.02499
38.880,37.9902,295.6763,34.059,1.02203
38.900,38.0896,295.8378,34.132,1.01906
38.920,38.1891,295.9984,34.006,1.01609
38.940,38.2884,296.1576,33.771,1.01313
38.960,38.3870,296.3147,33.380,1.01017
38.980,38.4857,296.4708,33.240,1.00721
39.000,38.5852,296.6273,33.392,1.00424
39.020,38.6858,296.7844,33.573,1.00129
39.040,38.7873,296.9418,33.715,0.99833
39.060,38.8891,297.0988,33.683,0.99537
39.080,38.9915,297.2556,33.707,0.99242
39.100,39.0950,297.4132,33.935,0.98946
39.120,39.1985,297.5697,33.778,0.98651
39.140,39.3027,297.7262,33.844,0.98356
39.160,39.4063,297.8809,33.507,0.98061
39.180,39.5107,298.0358,33.630,0.97766
39.200,39.6154,298.1900,33.549,0.97471
39.220,39.7198,298.3430,33.341,0.97177
39.240,39.8251,298.4963,33.480,0.96882
39.260,39.9303,298.6484,33.280,0.96588
39.280,40.0354,298.7995,33.124,0.96294
39.300,40.1418,298.9515,33.400,0.96000
39.320,40.2481,299.1023,33.212,0.95706
39.340,40.3544,299.2523,33.094,0.95412
39.360,40.4608,299.4014,32.971,0.95118
39.380,40.5680,299.5509,33.112,0.94825
39.400,40.6747,299.6985,32.782,0.94532
39.420,40.7824,299.8468,33.007,0.94239
39.440,40.8905,299.9947,32.963,0.93946
39.460,40.9989,300.1419,32.906,0.93653
39.480,41.1071,300.2881,32.745,0.93360
39.500,41.2157,300.4339,32.718,0.93068
39.520,41.3255,300.5806,32.983,0.92776
39.540,41.4360,300.7271,33.021,0.92484
39.560,41.5463,300.8725,32.854,0.92192
39.580,41.6568,301.0173,32.791,0.91900
39.600,41.7680,301.1622,32.887,0.91608
39.620,41.8798,301.3069,32.903,0.91317
39.640,41.9918,301.4510,32.856,0.91026
39.660,42.1045,301.5953,32.965,0.90735
39.680,42.2180,301.7396,33.030,0.90444
39.700,42.3311,301.8827,32.836,0.90153
39.720,42.4435,302.0239,32.491,0.89863
39.740,42.5567,302.1652,32.582,0.89572
39.760,42.6714,302.3076,32.916,0.89282
39.780,42.7860,302.4491,32.768,0.88992
39.800,42.9009,302.5901,32.743,0.88703
39.820,43.0170,302.7318,32.987,0.88413
39.840,43.1347,302.8746,33.300,0.88124
39.860,43.2529,303.0170,33.311,0.87835
39.880,43.3722,303.1601,33.536,0.87546
39.900,43.4925,303.3033,33.671,0.87257
39.920,43.6128,303.4459,33.571,0.86969
39.940,43.7322,303.5865,33.208,0.86680
39.960,43.8515,303.7261,33.044,0.86392
39.980,43.9713,303.8656,33.111,0.86104
40.000,44.0919,304.0051,33.186,0.85817
40.020,44.2125,304.1439,33.096,0.85529
40.040,44.3329,304.2817,32.941,0.85242
40.060,44.4527,304.4179,32.653,0.84955
40.080,44.5718,304.5525,32.351,0.84668
40.100,44.6912,304.6867,32.329,0.84382
40.120,44.8099,304.8194,32.046,0.84095
40.140,44.9289,304.9517,32.043,0.83809
40.160,45.0478,305.0831,31.899,0.83523
40.180,45.1668,305.2139,31.822,0.83237
40.200,45.2877,305.3459,32.205,0.82952
40.220,45.4089,305.4775,32.214,0.82667
40.240,45.5302,305.6086,32.152,0.82382
40.260,45.6518,305.7392,32.121,0.82097
40.280,45.7728,305.8683,31.855,0.81812
40.300,45.8951,305.9981,32.096,0.81528
40.320,46.0183,306.1282,32.249,0.81244
40.340,46.1415,306.2575,32.153,0.80960
40.360,46.2653,306.3867,32.195,0.80677
40.380,46.3889,306.5150,32.074,0.80393
40.400,46.5132,306.6432,32.145,0.80110
40.420,46.6369,306.7702,31.903,0.79828
40.440,46.7611,306.8969,31.951,0.79545
40.460,46.8868,307.0244,32.222,0.79263
40.480,47.0131,307.1519,32.302,0.78981
40.500,47.1394,307.2786,32.196,0.78699
40.520,47.2667,307.4055,32.367,0.78417
40.540,47.3958,307.5336,32.718,0.78136
40.560,47.5257,307.6617,32.849,0.77855
40.580,47.6560,307.7896,32.867,0.77574
40.600,47.7862,307.9165,32.722,0.77294
40.620,47.9170,308.0434,32.801,0.77013
40.640,48.0495,308.1712,33.147,0.76734
40.660,48.1810,308.2973,32.784,0.76454
40.680,48.3135,308.4237,32.960,0.76174
40.700,48.4464,308.5498,32.986,0.75895
40.720,48.5809,308.6766,33.259,0.75616
40.740,48.7155,308.8029,33.236,0.75338
40.760,48.8490,308.9273,32.846,0.75060
40.780,48.9842,309.0528,33.205,0.74782
40.800,49.1190,309.1771,32.996,0.74504
40.820,49.2546,309.3015,33.140,0.74226
40.840,49.3906,309.4255,33.117,0.73949
40.860,49.5268,309.5491,33.110,0.73672
40.880,49.6635,309.6724,33.135,0.73396
40.900,49.8001,309.7950,33.037,0.73119
40.920,49.9372,309.9173,33.070,0.72843
40.940,50.0749,310.0394,33.126,0.72568
40.960,50.2135,310.1617,33.270,0.72292
40.980,50.3525,310.2837,33.292,0.72017
41.000,50.4921,310.4055,33.350,0.71742
41.020,50.6331,310.5278,33.589,0.71468
41.040,50.7737,310.6491,33.426,0.71194
41.060,50.9146,310.7701,33.439,0.70920
41.080,51.0563,310.8910,33.525,0.70646
41.100,51.1991,311.0121,33.711,0.70373
41.120,51.3422,311.1329,33.700,0.70100
41.140,51.4857,311.2533,33.718,0.69827
41.160,51.6292,311.3731,33.656,0.69555
41.180,51.7740,311.4934,33.879,0.69283
41.200,51.9189,311.6130,33.821,0.69011
41.220,52.0647,311.7326,33.945,0.68739
41.240,52.2107,311.8518,33.926,0.68468
41.260,52.3570,311.9707,33.932,0.68198
41.280,52.5027,312.0883,33.712,0.67927
41.300,52.6488,312.2056,33.722,0.67657
41.320,52.7952,312.3225,33.717,0.67387
41.340,52.9407,312.4381,33.450,0.67118
41.360,53.0860,312.5528,33.316,0.66849
41.380,53.2312,312.6668,33.235,0.66580
41.400,53.3755,312.7796,32.959,0.66311
41.420,53.5191,312.8911,32.740,0.66043
41.440,53.6642,313.0032,33.005,0.65775
41.460,53.8088,313.1143,32.819,0.65508
41.480,53.9530,313.2245,32.665,0.65241
41.500,54.0964,313.3334,32.414,0.64974
41.520,54.2411,313.4427,32.635,0.64708
41.540,54.3867,313.5522,32.800,0.64442
41.560,54.5330,313.6615,32.857,0.64176
41.580,54.6795,313.7704,32.873,0.63910
41.600,54.8260,313.8787,32.784,0.63645
41.620,54.9725,313.9864,32.733,0.63381
41.640,55.1188,314.0933,32.612,0.63116
41.660,55.2659,314.2002,32.730,0.62852
41.680,55.4138,314.3071,32.855,0.62589
41.700,55.5628,314.4142,33.019,0.62326
41.720,55.7137,314.5220,33.388,0.62063
41.740,55.8654,314.6299,33.515,0.61800
41.760,56.0180,314.7378,33.629,0.61538
41.780,56.1716,314.8458,33.810,0.61276
41.800,56.3243,314.9525,33.532,0.61015
41.820,56.4773,315.0589,33.533,0.60754
41.840,56.6293,315.1640,33.261,0.60493
41.860,56.7828,315.2696,33.545,0.60233
41.880,56.9363,315.3745,33.456,0.59973
41.900,57.0914,315.4800,33.775,0.59713
41.920,57.2478,315.5857,33.966,0.59454
41.940,57.4039,315.6907,33.867,0.59195
41.960,57.5589,315.7943,33.568,0.58937
41.980,57.7133,315.8969,33.366,0.58679
42.000,57.8688,315.9998,33.553,0.58421
42.020,58.0242,316.1020,33.495,0.58164
42.040,58.1788,316.2030,33.228,0.57907
42.060,58.3333,316.3035,33.188,0.57650
42.080,58.4896,316.4045,33.493,0.57394
42.100,58.6475,316.5060,33.782,0.57138
42.120,58.8052,316.6069,33.697,0.56883
42.140,58.9634,316.7075,33.753,0.56628
42.160,59.1224,316.8080,33.863,0.56373
42.180,59.2805,316.9073,33.597,0.56119
42.200,59.4383,317.0060,33.501,0.55866
42.220,59.5960,317.1040,33.428,0.55612
42.240,59.7543,317.2019,33.500,0.55359
42.260,59.9124,317.2990,33.409,0.55107
42.280,60.0696,317.3951,33.157,0.54854
42.300,60.2273,317.4909,33.215,0.54603
42.320,60.3847,317.5860,33.100,0.54351
42.340,60.5413,317.6801,32.879,0.54100
42.360,60.6970,317.7731,32.658,0.53850
42.380,60.8528,317.8657,32.618,0.53600
42.400,61.0101,317.9586,32.879,0.53350
42.420,61.1675,318.0510,32.848,0.53101
42.440,61.3260,318.1435,33.041,0.52852
42.460,61.4828,318.2346,32.637,0.52604
42.480,61.6391,318.3248,32.486,0.52356
42.500,61.7945,318.4140,32.259,0.52108
42.520,61.9500,318.5027,32.210,0.51861
42.540,62.1063,318.5914,32.349,0.51614
42.560,62.2623,318.6795,32.250,0.51368
42.580,62.4175,318.7665,32.026,0.51122
42.600,62.5737,318.8536,32.197,0.50877
42.620,62.7295,318.9400,32.060,0.50632
42.640,62.8857,319.0261,32.109,0.50387
42.660,63.0415,319.1116,31.989,0.50143
42.680,63.1980,319.1969,32.082,0.49899
42.700,63.3544,319.2816,32.013,0.49656
42.720,63.5116,319.3663,32.156,0.49413
42.740,63.6697,319.4510,32.268,0.49171
42.760,63.8299,319.5363,32.668,0.48929
42.780,63.9902,319.6211,32.653,0.48687
42.800,64.1499,319.7052,32.478,0.48446
42.820,64.3087,319.7883,32.269,0.48206
42.840,64.4672,319.8707,32.161,0.47965
42.860,64.6263,319.9530,32.229,0.47726
42.880,64.7849,320.0345,32.100,0.47486
42.900,64.9450,320.1164,32.374,0.47248
42.920,65.1055,320.1979,32.410,0.47009
42.940,65.2654,320.2787,32.234,0.46771
42.960,65.4250,320.3588,32.151,0.46534
42.980,65.5842,320.4383,32.036,0.46297
43.000,65.7438,320.5175,32.068,0.46060
43.020,65.9027,320.5958,31.883,0.45824
43.040,66.0629,320.6744,32.114,0.45589
43.060,66.2229,320.7524,32.050,0.45354
43.080,66.3830,320.8299,32.007,0.45119
43.100,66.5440,320.9075,32.173,0.44885
43.120,66.7045,320.9843,32.039,0.44651
43.140,66.8652,321.0608,32.038,0.44418
43.160,67.0278,321.1377,32.361,0.44185
43.180,67.1908,321.2144,32.435,0.43953
43.200,67.3543,321.2908,32.488,0.43721
43.220,67.5176,321.3666,32.402,0.43490
43.240,67.6801,321.4417,32.223,0.43259
43.260,67.8444,321.5171,32.538,0.43028
43.280,68.0087,321.5921,32.509,0.42798
43.300,68.1749,321.6674,32.851,0.42569
43.320,68.3407,321.7421,32.728,0.42340
43.340,68.5078,321.8170,32.953,0.42112
43.360,68.6749,321.8913,32.916,0.41884
43.380,68.8425,321.9655,32.992,0.41656
43.400,69.0114,322.0398,33.211,0.41429
43.420,69.1808,322.1138,33.290,0.41203
43.440,69.3512,322.1878,33.434,0.40977
43.460,69.5203,322.2608,33.153,0.40751
43.480,69.6891,322.3333,33.070,0.40526
43.500,69.8600,322.4061,33.438,0.40301
43.520,70.0309,322.4785,33.397,0.40077
43.540,70.2022,322.5506,33.454,0.39854
43.560,70.3735,322.6223,33.425,0.39631
43.580,70.5443,322.6934,33.313,0.39408
43.600,70.7140,322.7635,33.044,0.39186
43.620,70.8828,322.8328,32.839,0.38965
43.640,71.0532,322.9023,33.142,0.38744
43.660,71.2238,322.9715,33.127,0.38523
43.680,71.3934,323.0398,32.913,0.38303
43.700,71.5623,323.1075,32.751,0.38084
43.720,71.7322,323.1751,32.908,0.37865
43.740,71.9013,323.2419,32.737,0.37646
43.760,72.0700,323.3082,32.625,0.37428
43.780,72.2378,323.3737,32.424,0.37211
43.800,72.4046,323.4383,32.197,0.36994
43.820,72.5730,323.5033,32.494,0.36778
43.840,72.7415,323.5677,32.469,0.36562
43.860,72.9098,323.6318,32.411,0.36347
43.880,73.0777,323.6952,32.302,0.36132
43.900,73.2463,323.7585,32.431,0.35917
43.920,73.4152,323.8215,32.442,0.35704
43.940,73.5845,323.8842,32.494,0.35490
43.960,73.7540,323.9467,32.519,0.35278
43.980,73.9233,324.0086,32.455,0.35065
44.000,74.0924,324.0700,32.368,0.34854
44.020,74.2599,324.1305,32.056,0.34643
44.040,74.4270,324.1904,31.967,0.34432
44.060,74.5964,324.2508,32.357,0.34222
44.080,74.7647,324.3103,32.134,0.34012
44.100,74.9331,324.3695,32.134,0.33803
44.120,75.1020,324.4285,32.195,0.33595
44.140,75.2721,324.4875,32.410,0.33387
44.160,75.4448,324.5470,32.888,0.33180
44.180,75.6173,324.6060,32.817,0.32973
44.200,75.7891,324.6644,32.659,0.32767
44.220,75.9620,324.7228,32.850,0.32561
44.240,76.1352,324.7809,32.888,0.32356
44.260,76.3105,324.8393,33.249,0.32151
44.280,76.4865,324.8975,33.380,0.31947
44.300,76.6621,324.9552,33.260,0.31743
44.320,76.8376,325.0124,33.224,0.31540
44.340,77.0136,325.0695,33.300,0.31338
44.360,77.1901,325.1263,33.390,0.31136
44.380,77.3658,325.1824,33.186,0.30935
44.400,77.5396,325.2376,32.840,0.30734
44.420,77.7121,325.2920,32.551,0.30534
44.440,77.8853,325.3462,32.662,0.30334
44.460,78.0584,325.4000,32.635,0.30135
44.480,78.2299,325.4529,32.304,0.29937
44.500,78.4010,325.5054,32.205,0.29739
44.520,78.5703,325.5569,31.857,0.29541
44.540,78.7395,325.6080,31.809,0.29344
44.560,78.9079,325.6585,31.653,0.29148
44.580,79.0759,325.7086,31.553,0.28952
44.600,79.2439,325.7583,31.538,0.28757
44.620,79.4122,325.8077,31.571,0.28563
44.640,79.5806,325.8568,31.581,0.28369
44.660,79.7504,325.9059,31.814,0.28175
44.680,79.9226,325.9554,32.246,0.27982
44.700,80.0957,326.0048,32.400,0.27790
44.720,80.2687,326.0538,32.365,0.27598
44.740,80.4425,326.1027,32.501,0.27407
44.760,80.6157,326.1510,32.370,0.27217
44.780,80.7882,326.1988,32.221,0.27027
44.800,80.9600,326.2460,32.064,0.26837
44.820,81.1321,326.2930,32.117,0.26649
44.840,81.3055,326.3400,32.340,0.26460
44.860,81.4812,326.3873,32.740,0.26273
44.880,81.6582,326.4345,32.979,0.26086
44.900,81.8360,326.4816,33.104,0.25899
44.920,82.0132,326.5282,32.980,0.25713
44.940,82.1905,326.5745,32.994,0.25528
44.960,82.3685,326.6206,33.092,0.25343
44.980,82.5464,326.6663,33.070,0.25159
45.000,82.7263,326.7122,33.405,0.24976
45.020,82.9054,326.7575,33.258,0.24793
45.040,83.0839,326.8024,33.129,0.24611
45.060,83.2628,326.8470,33.197,0.24429
45.080,83.4438,326.8917,33.559,0.24248
45.100,83.6231,326.9358,33.232,0.24067
45.120,83.8017,326.9792,33.080,0.23887
45.140,83.9816,327.0227,33.312,0.23708
45.160,84.1609,327.0657,33.190,0.23529
45.180,84.3423,327.1088,33.560,0.23351
45.200,84.5229,327.1515,33.413,0.23174
45.220,84.7047,327.1940,33.606,0.22997
45.240,84.8865,327.2362,33.590,0.22820
45.260,85.0688,327.2782,33.672,0.22645
45.280,85.2501,327.3197,33.486,0.22470
45.300,85.4300,327.3605,33.197,0.22295
45.320,85.6107,327.4011,33.336,0.22121
45.340,85.7909,327.4413,33.241,0.21948
45.360,85.9703,327.4810,33.076,0.21775
45.380,86.1487,327.5202,32.877,0.21603
45.400,86.3262,327.5588,32.689,0.21432
45.420,86.5050,327.5974,32.932,0.21261
45.440,86.6830,327.6355,32.766,0.21091
45.460,86.8606,327.6732,32.669,0.20921
45.480,87.0401,327.7110,33.023,0.20752
45.500,87.2193,327.7484,32.945,0.20584
45.520,87.3985,327.7855,32.944,0.20416
45.540,87.5781,327.8224,33.010,0.20249
45.560,87.7575,327.8589,32.957,0.20083
45.580,87.9363,327.8950,32.833,0.19917
45.600,88.1164,327.9310,33.063,0.19752
45.620,88.2969,327.9669,33.121,0.19587
45.640,88.4768,328.0023,33.007,0.19423
45.660,88.6555,328.0371,32.758,0.19260
45.680,88.8330,328.0714,32.549,0.19097
45.700,89.0096,328.1053,32.365,0.18935
45.720,89.1841,328.1384,31.977,0.18774
45.740,89.3599,328.1715,32.188,0.18613
45.760,89.5358,328.2043,32.207,0.18453
45.780,89.7122,328.2370,32.303,0.18293
45.800,89.8874,328.2691,32.048,0.18134
45.820,90.0620,328.3008,31.961,0.17976
45.840,90.2366,328.3323,31.917,0.17819
45.860,90.4112,328.3634,31.931,0.17662
45.880,90.5857,328.3943,31.894,0.17505
45.900,90.7590,328.4247,31.670,0.17350
45.920,90.9334,328.4550,31.866,0.17194
45.940,91.1086,328.4851,31.994,0.17040
45.960,91.2839,328.5150,32.008,0.16886
45.980,91.4602,328.5448,32.193,0.16733
46.000,91.6378,328.5745,32.411,0.16581
46.020,91.8168,328.6042,32.662,0.16429
46.040,91.9960,328.6336,32.691,0.16278
46.060,92.1750,328.6627,32.634,0.16127
46.080,92.3535,328.6915,32.548,0.15977
46.100,92.5329,328.7201,32.708,0.15828
46.120,92.7117,328.7484,32.582,0.15679
46.140,92.8897,328.7762,32.418,0.15531
46.160,93.0682,328.8039,32.518,0.15384
46.180,93.2473,328.8314,32.612,0.15238
46.200,93.4270,328.8588,32.726,0.15092
46.220,93.6060,328.8857,32.573,0.14946
46.240,93.7852,328.9124,32.628,0.14802
46.260,93.9655,328.9390,32.792,0.14658
46.280,94.1453,328.9653,32.706,0.14514
46.300,94.3248,328.9913,32.658,0.14371
46.320,94.5041,329.0170,32.604,0.14229
46.340,94.6850,329.0426,32.878,0.14088
46.360,94.8667,329.0682,33.040,0.13947
46.380,95.0472,329.0932,32.798,0.13807
46.400,95.2262,329.1179,32.525,0.13668
46.420,95.4059,329.1423,32.642,0.13529
46.440,95.5854,329.1665,32.603,0.13391
46.460,95.7655,329.1905,32.699,0.13254
46.480,95.9458,329.2143,32.747,0.13117
46.500,96.1272,329.2380,32.929,0.12981
46.520,96.3071,329.2612,32.636,0.12846
46.540,96.4864,329.2841,32.537,0.12711
46.560,96.6660,329.3068,32.583,0.12577
46.580,96.8458,329.3293,32.625,0.12444
46.600,97.0247,329.3515,32.454,0.12311
46.620,97.2032,329.3733,32.359,0.12179
46.640,97.3811,329.3948,32.254,0.12047
46.660,97.5590,329.4162,32.262,0.11917
46.680,97.7377,329.4373,32.388,0.11787
46.700,97.9162,329.4582,32.338,0.11657
46.720,98.0945,329.4789,32.311,0.11529
46.740,98.2707,329.4990,31.934,0.11401
46.760,98.4460,329.5189,31.743,0.11274
46.780,98.6231,329.5387,32.076,0.11147
46.800,98.7985,329.5581,31.768,0.11021
46.820,98.9753,329.5775,32.013,0.10896
46.840,99.1518,329.5965,31.960,0.10771
46.860,99.3264,329.6152,31.606,0.10647
46.880,99.5025,329.6338,31.869,0.10524
46.900,99.6798,329.6523,32.100,0.10402
46.920,99.8567,329.6706,32.009,0.10280
46.940,100.0345,329.6887,32.165,0.10159
46.960,100.2119,329.7066,32.101,0.10038
46.980,100.3895,329.7242,32.111,0.09918
47.000,100.5672,329.7417,32.140,0.09799
47.020,100.7446,329.7589,32.099,0.09681
47.040,100.9227,329.7760,32.193,0.09563
47.060,101.1011,329.7929,32.263,0.09446
47.080,101.2791,329.8096,32.169,0.09330
47.100,101.4573,329.8260,32.222,0.09214
47.120,101.6351,329.8423,32.128,0.09099
47.140,101.8130,329.8583,32.152,0.08985
47.160,101.9904,329.8741,32.063,0.08872
47.180,102.1679,329.8897,32.080,0.08759
47.200,102.3471,329.9052,32.368,0.08647
47.220,102.5256,329.9205,32.251,0.08535
47.240,102.7027,329.9354,31.987,0.08424
47.260,102.8814,329.9503,32.274,0.08314
47.280,103.0604,329.9650,32.327,0.08205
47.300,103.2387,329.9795,32.210,0.08096
47.320,103.4168,329.9938,32.165,0.07988
47.340,103.5941,330.0077,32.000,0.07881
47.360,103.7722,330.0216,32.169,0.07774
47.380,103.9511,330.0354,32.298,0.07668
47.400,104.1307,330.0490,32.411,0.07563
47.420,104.3105,330.0624,32.450,0.07459
47.440,104.4882,330.0755,32.081,0.07355
47.460,104.6648,330.0883,31.868,0.07252
47.480,104.8417,330.1010,31.919,0.07150
47.500,105.0159,330.1133,31.441,0.07048
47.520,105.1901,330.1254,31.427,0.06947
47.540,105.3632,330.1373,31.242,0.06847
47.560,105.5370,330.1490,31.356,0.06747
47.580,105.7107,330.1606,31.321,0.06648
47.600,105.8854,330.1721,31.511,0.06550
47.620,106.0604,330.1834,31.572,0.06453
47.640,106.2356,330.1945,31.593,0.06356
47.660,106.4098,330.2054,31.418,0.06260
47.680,106.5846,330.2162,31.530,0.06165
47.700,106.7618,330.2270,31.959,0.06070
47.720,106.9373,330.2375,31.651,0.05977
47.740,107.1118,330.2478,31.467,0.05883
47.760,107.2880,330.2580,31.766,0.05791
47.780,107.4647,330.2681,31.858,0.05699
47.800,107.6411,330.2780,31.805,0.05608
47.820,107.8184,330.2878,31.946,0.05518
47.840,107.9959,330.2974,32.006,0.05428
47.860,108.1728,330.3069,31.888,0.05340
47.880,108.3491,330.3161,31.768,0.05251
47.900,108.5262,330.3253,31.922,0.05164
47.920,108.7036,330.3343,31.984,0.05077
47.940,108.8822,330.3432,32.178,0.04991
47.960,109.0614,330.3520,32.295,0.04906
47.980,109.2400,330.3606,32.185,0.04821
48.000,109.4201,330.3692,32.459,0.04738
48.020,109.5993,330.3775,32.293,0.04655
48.040,109.7781,330.3857,32.211,0.04572
48.060,109.9560,330.3937,32.070,0.04491
48.080,110.1326,330.4015,31.818,0.04410
48.100,110.3099,330.4092,31.930,0.04329
48.120,110.4860,330.4167,31.741,0.04250
48.140,110.6615,330.4240,31.618,0.04171
48.160,110.8380,330.4312,31.787,0.04093
48.180,111.0153,330.4384,31.943,0.04016
48.200,111.1920,330.4453,31.831,0.03939
48.220,111.3674,330.4521,31.596,0.03863
48.240,111.5427,330.4587,31.577,0.03788
48.260,111.7164,330.4652,31.289,0.03714
48.280,111.8891,330.4715,31.107,0.03640
48.300,112.0615,330.4776,31.038,0.03567
48.320,112.2336,330.4837,31.009,0.03495
48.340,112.4052,330.4895,30.909,0.03423
48.360,112.5767,330.4953,30.883,0.03352
48.380,112.7496,330.5010,31.132,0.03282
48.400,112.9231,330.5065,31.245,0.03213
48.420,113.0979,330.5120,31.493,0.03145
48.440,113.2737,330.5174,31.654,0.03077
48.460,113.4497,330.5227,31.696,0.03010
48.480,113.6245,330.5279,31.478,0.02943
48.500,113.7980,330.5329,31.237,0.02877
48.520,113.9714,330.5378,31.233,0.02813
48.540,114.1445,330.5425,31.160,0.02748
48.560,114.3166,330.5471,30.992,0.02685
48.580,114.4891,330.5517,31.065,0.02622
48.600,114.6629,330.5561,31.286,0.02560
48.620,114.8366,330.5605,31.273,0.02499
48.640,115.0103,330.5647,31.289,0.02438
48.660,115.1836,330.5688,31.190,0.02378
48.680,115.3561,330.5728,31.067,0.02319
48.700,115.5306,330.5768,31.422,0.02261
48.720,115.7039,330.5806,31.196,0.02203
48.740,115.8770,330.5843,31.167,0.02147
48.760,116.0497,330.5879,31.086,0.02090
48.780,116.2222,330.5914,31.066,0.02035
48.800,116.3958,330.5949,31.255,0.01980
48.820,116.5704,330.5982,31.434,0.01927
48.840,116.7449,330.6015,31.408,0.01873
48.860,116.9205,330.6047,31.611,0.01821
48.880,117.0953,330.6078,31.473,0.01769
48.900,117.2705,330.6108,31.537,0.01718
48.920,117.4474,330.6137,31.857,0.01668
48.940,117.6238,330.6166,31.753,0.01619
48.960,117.8004,330.6194,31.790,0.01570
48.980,117.9785,330.6221,32.060,0.01522
49.000,118.1558,330.6247,31.908,0.01475
49.020,118.3331,330.6272,31.920,0.01428
49.040,118.5101,330.6297,31.863,0.01382
49.060,118.6859,330.6320,31.662,0.01337
49.080,118.8622,330.6343,31.735,0.01293
49.100,119.0377,330.6365,31.583,0.01249
49.120,119.2148,330.6386,31.881,0.01207
49.140,119.3919,330.6407,31.884,0.01165
49.160,119.5688,330.6427,31.847,0.01123
49.180,119.7458,330.6446,31.854,0.01083
49.200,119.9228,330.6464,31.873,0.01043
49.220,120.0997,330.6482,31.837,0.01004
49.240,120.2766,330.6499,31.847,0.00965
49.260,120.4530,330.6516,31.743,0.00928
49.280,120.6288,330.6531,31.654,0.00891
49.300,120.8052,330.6546,31.748,0.00855
49.320,120.9794,330.6561,31.364,0.00819
49.340,121.1529,330.6574,31.220,0.00785
49.360,121.3263,330.6587,31.222,0.00751
49.380,121.5001,330.6600,31.283,0.00718
49.400,121.6735,330.6612,31.213,0.00685
49.420,121.8470,330.6623,31.237,0.00654
49.440,122.0202,330.6634,31.175,0.00623
49.460,122.1916,330.6644,30.840,0.00593
49.480,122.3638,330.6654,31.009,0.00563
49.500,122.5364,330.6663,31.057,0.00535
49.520,122.7079,330.6672,30.885,0.00507
49.540,122.8810,330.6680,31.150,0.00480
49.560,123.0547,330.6688,31.272,0.00453
49.580,123.2278,330.6695,31.160,0.00427
49.600,123.4021,330.6702,31.359,0.00402
49.620,123.5768,330.6709,31.456,0.00378
49.640,123.7524,330.6715,31.605,0.00355
49.660,123.9274,330.6721,31.497,0.00332
49.680,124.1018,330.6726,31.397,0.00310
49.700,124.2754,330.6731,31.248,0.00289
49.720,124.4485,330.6736,31.151,0.00269
49.740,124.6192,330.6740,30.735,0.00249
49.760,124.7910,330.6744,30.930,0.00230
49.780,124.9617,330.6748,30.717,0.00212
49.800,125.1329,330.6751,30.820,0.00194
49.820,125.3028,330.6754,30.586,0.00178
49.840,125.4729,330.6757,30.607,0.00162
49.860,125.6417,330.6759,30.393,0.00147
49.880,125.8105,330.6762,30.389,0.00132
49.900,125.9778,330.6763,30.101,0.00118
49.920,126.1444,330.6765,29.995,0.00105
49.940,126.3117,330.6767,30.113,0.00093
49.960,126.4792,330.6768,30.152,0.00082
49.980,126.6469,330.6769,30.183,0.00071
50.000,126.8137,330.6770,30.028,0.00061
50.020,126.9783,330.6771,29.633,0.00052
50.040,127.1421,330.6772,29.472,0.00043
50.060,127.3053,330.6773,29.380,0.00036
50.080,127.4700,330.6773,29.646,0.00029
50.100,127.6353,330.6773,29.749,0.00023
50.120,127.8009,330.6774,29.806,0.00017
50.140,127.9659,330.6774,29.701,0.00012
50.160,128.1301,330.6774,29.570,0.00008
50.180,128.2951,330.6774,29.685,0.00005
50.200,128.4596,330.6774,29.618,0.00003
50.220,128.6238,330.6774,29.557,0.00001
50.240,128.7899,330.6774,29.903,0.00000
50.260,128.9551,330.6774,29.726,-0.00000
50.280,129.1199,330.6774,29.675,0.00000
50.300,129.2846,330.6774,29.630,0.00002
50.320,129.4485,330.6774,29.513,0.00004
50.340,129.6111,330.6774,29.259,0.00007
50.360,129.7749,330.6775,29.488,0.00010
50.380,129.9373,330.6775,29.234,0.00014
50.400,130.0988,330.6775,29.070,0.00019
50.420,130.2606,330.6775,29.116,0.00025
50.440,130.4211,330.6776,28.893,0.00032
50.460,130.5814,330.6777,28.865,0.00039
50.480,130.7415,330.6777,28.818,0.00047
50.500,130.9014,330.6778,28.776,0.00056
50.520,131.0611,330.6779,28.751,0.00065
50.540,131.2194,330.6781,28.497,0.00076
50.560,131.3772,330.6782,28.398,0.00087
50.580,131.5363,330.6783,28.629,0.00099
50.600,131.6965,330.6785,28.839,0.00111
50.620,131.8561,330.6787,28.734,0.00124
50.640,132.0168,330.6789,28.930,0.00138
50.660,132.1766,330.6792,28.760,0.00153
50.680,132.3350,330.6795,28.515,0.00169
50.700,132.4914,330.6797,28.152,0.00185
50.720,132.6467,330.6801,27.951,0.00202
50.740,132.8024,330.6804,28.034,0.00220
50.760,132.9579,330.6808,27.976,0.00238
50.780,133.1149,330.6812,28.275,0.00258
50.800,133.2729,330.6816,28.426,0.00278
50.820,133.4304,330.6821,28.362,0.00299
50.840,133.5878,330.6826,28.322,0.00320
50.860,133.7449,330.6831,28.283,0.00342
50.880,133.9030,330.6837,28.463,0.00365
50.900,134.0608,330.6843,28.394,0.00389
50.920,134.2185,330.6850,28.391,0.00414
50.940,134.3755,330.6857,28.259,0.00439
50.960,134.5338,330.6864,28.492,0.00465
50.980,134.6917,330.6872,28.430,0.00492
51.000,134.8490,330.6880,28.313,0.00519
51.020,135.0048,330.6888,28.040,0.00547
51.040,135.1615,330.6897,28.213,0.00576
51.060,135.3177,330.6907,28.107,0.00606
51.080,135.4737,330.6917,28.094,0.00637
51.100,135.6294,330.6927,28.020,0.00668
51.120,135.7849,330.6938,27.987,0.00700
51.140,135.9384,330.6949,27.630,0.00733
51.160,136.0911,330.6961,27.489,0.00766
51.180,136.2427,330.6973,27.294,0.00800
51.200,136.3965,330.6986,27.686,0.00835
51.220,136.5517,330.7000,27.928,0.00871
51.240,136.7073,330.7014,28.007,0.00907
51.260,136.8653,330.7029,28.455,0.00945
51.280,137.0247,330.7044,28.685,0.00983
51.300,137.1827,330.7060,28.443,0.01021
51.320,137.3394,330.7077,28.211,0.01061
51.340,137.4964,330.7094,28.259,0.01101
51.360,137.6533,330.7112,28.247,0.01142
51.380,137.8105,330.7131,28.285,0.01183
51.400,137.9668,330.7150,28.137,0.01226
51.420,138.1249,330.7170,28.469,0.01269
51.440,138.2827,330.7191,28.406,0.01313
51.460,138.4416,330.7212,28.607,0.01358
51.480,138.6020,330.7235,28.870,0.01403
51.500,138.7618,330.7258,28.765,0.01449
51.520,138.9221,330.7282,28.868,0.01496
51.540,139.0841,330.7307,29.155,0.01543
51.560,139.2475,330.7333,29.418,0.01592
51.580,139.4117,330.7360,29.553,0.01641
51.600,139.5763,330.7388,29.632,0.01691
51.620,139.7409,330.7417,29.646,0.01741
51.640,139.9069,330.7446,29.875,0.01793
51.660,140.0734,330.7477,29.980,0.01845
51.680,140.2400,330.7509,30.002,0.01897
51.700,140.4062,330.7541,29.917,0.01951
51.720,140.5710,330.7574,29.673,0.02005
51.740,140.7357,330.7608,29.642,0.02060
51.760,140.9022,330.7643,29.978,0.02116
51.780,141.0682,330.7679,29.891,0.02172
51.800,141.2336,330.7716,29.775,0.02229
51.820,141.3987,330.7754,29.732,0.02287
51.840,141.5636,330.7793,29.694,0.02346
51.860,141.7280,330.7832,29.593,0.02405
51.880,141.8930,330.7873,29.709,0.02466
51.900,142.0583,330.7915,29.767,0.02526
51.920,142.2248,330.7958,29.980,0.02588
51.940,142.3919,330.8002,30.089,0.02650
51.960,142.5592,330.8047,30.122,0.02713
51.980,142.7244,330.8093,29.744,0.02777
52.000,142.8898,330.8140,29.779,0.02842
52.020,143.0545,330.8188,29.661,0.02907
52.040,143.2203,330.8238,29.855,0.02973
52.060,143.3861,330.8288,29.869,0.03040
52.080,143.5512,330.8339,29.731,0.03107
52.100,143.7158,330.8392,29.634,0.03175
52.120,143.8791,330.8445,29.417,0.03244
52.140,144.0419,330.8499,29.319,0.03314
52.160,144.2050,330.8554,29.376,0.03384
52.180,144.3693,330.8611,29.588,0.03455
52.200,144.5341,330.8669,29.681,0.03527
52.220,144.6997,330.8728,29.827,0.03600
52.240,144.8662,330.8790,29.987,0.03673
52.260,145.0323,330.8852,29.929,0.03747
52.280,145.1999,330.8916,30.191,0.03822
52.300,145.3662,330.8981,29.947,0.03897
52.320,145.5325,330.9047,29.970,0.03974
52.340,145.6984,330.9114,29.875,0.04051
52.360,145.8622,330.9182,29.521,0.04128
52.380,146.0278,330.9251,29.820,0.04207
52.400,146.1913,330.9322,29.460,0.04286
52.420,146.3555,330.9393,29.584,0.04365
52.440,146.5215,330.9467,29.907,0.04446
52.460,146.6872,330.9542,29.871,0.04527
52.480,146.8529,330.9619,29.850,0.04609
52.500,147.0166,330.9696,29.508,0.04692
52.520,147.1801,330.9774,29.463,0.04775
52.540,147.3451,330.9854,29.724,0.04860
52.560,147.5095,330.9935,29.630,0.04944
52.580,147.6729,331.0018,29.455,0.05030
52.600,147.8340,331.0100,29.038,0.05116
52.620,147.9964,331.0185,29.269,0.05203
52.640,148.1592,331.0271,29.344,0.05291
52.660,148.3217,331.0358,29.289,0.05380
52.680,148.4852,331.0448,29.477,0.05469
52.700,148.6482,331.0539,29.381,0.05559
52.720,148.8108,331.0630,29.321,0.05649
52.740,148.9756,331.0725,29.704,0.05741
52.760,149.1394,331.0821,29.542,0.05833
52.780,149.3035,331.0918,29.595,0.05925
52.800,149.4679,331.1017,29.635,0.06019
52.820,149.6323,331.1118,29.652,0.06113
52.840,149.7967,331.1220,29.653,0.06208
52.860,149.9598,331.1323,29.418,0.06303
52.880,150.1228,331.1427,29.393,0.06400
52.900,150.2855,331.1533,29.350,0.06497
52.920,150.4476,331.1640,29.229,0.06595
52.940,150.6087,331.1748,29.079,0.06693
52.960,150.7689,331.1857,28.899,0.06792
52.980,150.9283,331.1967,28.753,0.06892
53.000,151.0880,331.2079,28.827,0.06993
53.020,151.2478,331.2193,28.834,0.07094
53.040,151.4093,331.2309,29.132,0.07196
53.060,151.5713,331.2428,29.240,0.07298
53.080,151.7327,331.2547,29.133,0.07402
53.100,151.8935,331.2668,29.036,0.07506
53.120,152.0542,331.2791,29.005,0.07611
53.140,152.2145,331.2915,28.942,0.07716
53.160,152.3748,331.3040,28.943,0.07822
53.180,152.5370,331.3169,29.292,0.07929
53.200,152.6991,331.3300,29.265,0.08037
53.220,152.8613,331.3432,29.288,0.08145
53.240,153.0222,331.3565,29.074,0.08254
53.260,153.1817,331.3699,28.804,0.08364
53.280,153.3410,331.3834,28.779,0.08474
53.300,153.4999,331.3971,28.704,0.08585
53.320,153.6590,331.4110,28.741,0.08697
53.340,153.8194,331.4251,28.985,0.08810
53.360,153.9792,331.4394,28.893,0.08923
53.380,154.1384,331.4539,28.770,0.09037
53.400,154.2986,331.4686,28.946,0.09151
53.420,154.4582,331.4834,28.867,0.09266
53.440,154.6180,331.4984,28.878,0.09382
53.460,154.7776,331.5136,28.859,0.09499
53.480,154.9390,331.5292,29.197,0.09616
53.500,155.0988,331.5448,28.894,0.09734
53.520,155.2577,331.5605,28.746,0.09853
53.540,155.4173,331.5765,28.863,0.09972
53.560,155.5780,331.5928,29.072,0.10093
53.580,155.7376,331.6091,28.887,0.10213
53.600,155.8984,331.6258,29.099,0.10335
53.620,156.0587,331.6426,29.014,0.10457
53.640,156.2183,331.6596,28.884,0.10580
53.660,156.3772,331.6767,28.770,0.10703
53.680,156.5365,331.6940,28.834,0.10827
53.700,156.6962,331.7115,28.921,0.10952
53.720,156.8550,331.7292,28.764,0.11078
53.740,157.0140,331.7471,28.801,0.11204
53.760,157.1726,331.7651,28.732,0.11331
53.780,157.3300,331.7832,28.517,0.11459
53.800,157.4890,331.8018,28.822,0.11587
53.820,157.6471,331.8204,28.648,0.11716
53.840,157.8052,331.8392,28.666,0.11845
53.860,157.9622,331.8581,28.456,0.11976
53.880,158.1187,331.8771,28.379,0.12107
53.900,158.2753,331.8964,28.395,0.12238
53.920,158.4320,331.9158,28.424,0.12371
53.940,158.5876,331.9354,28.240,0.12504
53.960,158.7431,331.9552,28.218,0.12637
53.980,158.8990,331.9752,28.281,0.12772
54.000,159.0563,331.9956,28.548,0.12907
54.020,159.2143,332.0163,28.692,0.13042
54.040,159.3734,332.0374,28.885,0.13179
54.060,159.5331,332.0588,28.999,0.13316
54.080,159.6921,332.0803,28.879,0.13453
54.100,159.8507,332.1020,28.820,0.13592
54.120,160.0102,332.1241,28.983,0.13731
54.140,160.1690,332.1462,28.859,0.13871
54.160,160.3266,332.1685,28.658,0.14011
54.180,160.4842,332.1909,28.650,0.14152
54.200,160.6400,332.2133,28.323,0.14294
54.220,160.7949,332.2358,28.182,0.14436
54.240,160.9487,332.2584,27.977,0.14579
54.260,161.1020,332.2812,27.902,0.14723
54.280,161.2566,332.3043,28.139,0.14867
54.300,161.4135,332.3280,28.556,0.15012
54.320,161.5709,332.3521,28.663,0.15157
54.340,161.7273,332.3762,28.490,0.15304
54.360,161.8844,332.4007,28.621,0.15451
54.380,162.0419,332.4255,28.697,0.15598
54.400,162.1988,332.4504,28.589,0.15746
54.420,162.3565,332.4756,28.747,0.15895
54.440,162.5136,332.5011,28.660,0.16045
54.460,162.6702,332.5267,28.556,0.16195
54.480,162.8268,332.5525,28.566,0.16346
54.500,162.9840,332.5787,28.690,0.16497
54.520,163.1408,332.6050,28.623,0.16649
54.540,163.2980,332.6317,28.687,0.16802
54.560,163.4533,332.6583,28.358,0.16956
54.580,163.6088,332.6851,28.411,0.17110
54.600,163.7638,332.7122,28.324,0.17264
54.620,163.9183,332.7393,28.230,0.17420
54.640,164.0702,332.7663,27.776,0.17576
54.660,164.2207,332.7933,27.515,0.17732
54.680,164.3694,332.8202,27.201,0.17890
54.700,164.5186,332.8474,27.310,0.18048
54.720,164.6669,332.8747,27.144,0.18206
54.740,164.8155,332.9023,27.193,0.18365
54.760,164.9646,332.9303,27.311,0.18525
54.780,165.1132,332.9583,27.213,0.18686
54.800,165.2606,332.9865,27.028,0.18847
54.820,165.4093,333.0151,27.246,0.19008
54.840,165.5581,333.0440,27.293,0.19171
54.860,165.7057,333.0729,27.071,0.19334
54.880,165.8538,333.1021,27.158,0.19497
54.900,166.0011,333.1314,27.038,0.19662
54.920,166.1488,333.1611,27.122,0.19826
54.940,166.2973,333.1912,27.271,0.19992
54.960,166.4449,333.2214,27.124,0.20158
54.980,166.5930,333.2519,27.212,0.20325
55.000,166.7381,333.2820,26.670,0.20492
55.020,166.8836,333.3125,26.769,0.20660
55.040,167.0272,333.3429,26.416,0.20829
55.060,167.1732,333.3740,26.870,0.20998
55.080,167.3195,333.4054,26.934,0.21168
55.100,167.4651,333.4370,26.824,0.21338
55.120,167.6118,333.4690,27.028,0.21509
55.140,167.7577,333.5012,26.886,0.21681
55.160,167.9036,333.5336,26.908,0.21853
55.180,168.0492,333.5662,26.857,0.22026
55.200,168.1948,333.5990,26.857,0.22200
55.220,168.3397,333.6320,26.756,0.22374
55.240,168.4850,333.6653,26.835,0.22549
55.260,168.6295,333.6988,26.702,0.22724
55.280,168.7741,333.7325,26.722,0.22900
55.300,168.9193,333.7666,26.835,0.23077
55.320,169.0638,333.8008,26.728,0.23254
55.340,169.2090,333.8355,26.878,0.23432
55.360,169.3546,333.8705,26.966,0.23610
55.380,169.5000,333.9057,26.913,0.23789
55.400,169.6447,333.9411,26.820,0.23968
55.420,169.7893,333.9767,26.811,0.24149
55.440,169.9335,334.0125,26.730,0.24329
55.460,170.0770,334.0484,26.637,0.24511
55.480,170.2204,334.0845,26.613,0.24693
55.500,170.3635,334.1209,26.575,0.24875
55.520,170.5066,334.1575,26.595,0.25059
55.540,170.6510,334.1948,26.850,0.25242
55.560,170.7963,334.2325,27.014,0.25427
55.580,170.9423,334.2708,27.167,0.25612
55.600,171.0887,334.3094,27.260,0.25797
55.620,171.2345,334.3482,27.152,0.25983
55.640,171.3792,334.3869,26.961,0.26170
55.660,171.5236,334.4259,26.920,0.26357
55.680,171.6691,334.4654,27.133,0.26545
55.700,171.8156,334.5056,27.349,0.26734
55.720,171.9607,334.5456,27.087,0.26923
55.740,172.1039,334.5854,26.767,0.27113
55.760,172.2487,334.6260,27.069,0.27303
55.780,172.3948,334.6672,27.325,0.27494
55.800,172.5403,334.7085,27.212,0.27685
55.820,172.6855,334.7501,27.199,0.27877
55.840,172.8308,334.7920,27.208,0.28069
55.860,172.9770,334.8344,27.406,0.28263
55.880,173.1227,334.8770,27.318,0.28456
55.900,173.2688,334.9201,27.425,0.28650
55.920,173.4151,334.9635,27.474,0.28845
55.940,173.5617,335.0073,27.528,0.29041
55.960,173.7091,335.0517,27.718,0.29237
55.980,173.8566,335.0964,27.744,0.29433
56.000,174.0028,335.1410,27.514,0.29630
56.020,174.1498,335.1862,27.676,0.29828
56.040,174.2962,335.2315,27.588,0.30026
56.060,174.4434,335.2774,27.750,0.30225
56.080,174.5907,335.3237,27.798,0.30424
56.100,174.7370,335.3700,27.622,0.30624
56.120,174.8835,335.4166,27.668,0.30825
56.140,175.0293,335.4633,27.553,0.31026
56.160,175.1752,335.5104,27.602,0.31227
56.180,175.3206,335.5577,27.529,0.31429
56.200,175.4669,335.6056,27.711,0.31632
56.220,175.6125,335.6536,27.583,0.31835
56.240,175.7576,335.7017,27.517,0.32039
56.260,175.9019,335.7499,27.391,0.32243
56.280,176.0454,335.7982,27.248,0.32448
56.300,176.1885,335.8467,27.199,0.32654
56.320,176.3317,335.8955,27.238,0.32860
56.340,176.4754,335.9448,27.339,0.33066
56.360,176.6190,335.9944,27.348,0.33273
56.380,176.7620,336.0442,27.266,0.33481
56.400,176.9035,336.0938,26.985,0.33689
56.420,177.0458,336.1439,27.155,0.33898
56.440,177.1875,336.1942,27.064,0.34107
56.460,177.3295,336.2449,27.136,0.34317
56.480,177.4703,336.2956,26.944,0.34527
56.500,177.6125,336.3471,27.217,0.34738
56.520,177.7552,336.3991,27.341,0.34949
56.540,177.8970,336.4511,27.181,0.35161
56.560,178.0390,336.5035,27.244,0.35374
56.580,178.1821,336.5567,27.485,0.35587
56.600,178.3249,336.6102,27.454,0.35800
56.620,178.4661,336.6633,27.147,0.36014
56.640,178.6075,336.7169,27.230,0.36229
56.660,178.7506,336.7715,27.562,0.36444
56.680,178.8921,336.8258,27.275,0.36659
56.700,179.0344,336.8808,27.459,0.36875
56.720,179.1763,336.9360,27.417,0.37092
56.740,179.3181,336.9915,27.401,0.37309
56.760,179.4599,337.0474,27.435,0.37527
56.780,179.6016,337.1036,27.437,0.37745
56.800,179.7440,337.1604,27.593,0.37964
56.820,179.8851,337.2170,27.383,0.38183
56.840,180.0261,337.2740,27.368,0.38403
56.860,180.1661,337.3309,27.199,0.38623
56.880,180.3055,337.3880,27.107,0.38844
56.900,180.4475,337.4464,27.642,0.39065
56.920,180.5885,337.5049,27.490,0.39287
56.940,180.7299,337.5639,27.571,0.39509
56.960,180.8714,337.6233,27.626,0.39732
56.980,181.0111,337.6822,27.280,0.39955
57.000,181.1495,337.7410,27.074,0.40179
57.020,181.2861,337.7994,26.747,0.40403
57.040,181.4225,337.8581,26.720,0.40628
57.060,181.5575,337.9166,26.483,0.40853
57.080,181.6916,337.9750,26.321,0.41079
57.100,181.8241,338.0330,26.045,0.41305
57.120,181.9571,338.0917,26.166,0.41532
57.140,182.0905,338.1509,26.274,0.41759
57.160,182.2252,338.2110,26.541,0.41986
57.180,182.3595,338.2713,26.510,0.42215
57.200,182.4944,338.3323,26.642,0.42443
57.220,182.6302,338.3940,26.846,0.42673
57.240,182.7677,338.4569,27.222,0.42902
57.260,182.9039,338.5196,26.997,0.43132
57.280,183.0393,338.5823,26.852,0.43363
57.300,183.1736,338.6449,26.675,0.43594
57.320,183.3066,338.7072,26.425,0.43826
57.340,183.4400,338.7701,26.554,0.44058
57.360,183.5740,338.8336,26.685,0.44290
57.380,183.7065,338.8969,26.433,0.44523
57.400,183.8379,338.9600,26.238,0.44757
57.420,183.9694,339.0235,26.294,0.44991
57.440,184.1004,339.0871,26.206,0.45225
57.460,184.2314,339.1511,26.247,0.45460
57.480,184.3621,339.2154,26.217,0.45695
57.500,184.4936,339.2804,26.408,0.45931
57.520,184.6260,339.3463,26.610,0.46167
57.540,184.7565,339.4116,26.281,0.46404
57.560,184.8882,339.4779,26.525,0.46641
57.580,185.0192,339.5443,26.438,0.46879
57.600,185.1491,339.6104,26.234,0.47117
57.620,185.2793,339.6772,26.343,0.47355
57.640,185.4085,339.7438,26.166,0.47594
57.660,185.5365,339.8101,25.940,0.47834
57.680,185.6639,339.8766,25.878,0.48074
57.700,185.7924,339.9440,26.123,0.48314
57.720,185.9192,340.0109,25.796,0.48555
57.740,186.0448,340.0776,25.608,0.48796
57.760,186.1689,340.1438,25.304,0.49038
57.780,186.2916,340.2097,25.087,0.49280
57.800,186.4141,340.2759,25.060,0.49523
57.820,186.5353,340.3417,24.823,0.49766
57.840,186.6566,340.4080,24.879,0.50009
57.860,186.7778,340.4746,24.898,0.50253
57.880,186.8995,340.5419,25.028,0.50497
57.900,187.0227,340.6104,25.373,0.50742
57.920,187.1449,340.6787,25.195,0.50987
57.940,187.2665,340.7471,25.109,0.51233
57.960,187.3874,340.8155,25.000,0.51479
57.980,187.5077,340.8839,24.919,0.51726
58.000,187.6282,340.9529,24.991,0.51973
58.020,187.7491,341.0224,25.099,0.52220
58.040,187.8693,341.0920,25.008,0.52468
58.060,187.9905,341.1626,25.248,0.52716
58.080,188.1113,341.2333,25.199,0.52964
58.100,188.2319,341.3043,25.178,0.53214
58.120,188.3515,341.3751,25.018,0.53463
58.140,188.4715,341.4466,25.138,0.53713
58.160,188.5919,341.5187,25.272,0.53963
58.180,188.7122,341.5912,25.273,0.54214
58.200,188.8304,341.6628,24.885,0.54465
58.220,188.9483,341.7346,24.841,0.54716
58.240,189.0665,341.8070,24.948,0.54968
58.260,189.1841,341.8795,24.873,0.55221
58.280,189.3015,341.9522,24.856,0.55473
58.300,189.4191,342.0255,24.948,0.55727
58.320,189.5350,342.0982,24.620,0.55980
58.340,189.6514,342.1715,24.764,0.56234
58.360,189.7660,342.2441,24.423,0.56488
58.380,189.8805,342.3171,24.440,0.56743
58.400,189.9953,342.3907,24.543,0.56998
58.420,190.1095,342.4643,24.453,0.57254
58.440,190.2239,342.5384,24.537,0.57510
58.460,190.3385,342.6131,24.626,0.57766
58.480,190.4525,342.6878,24.530,0.58023
58.500,190.5659,342.7626,24.454,0.58280
58.520,190.6798,342.8381,24.599,0.58537
58.540,190.7938,342.9141,24.654,0.58795
58.560,190.9080,342.9907,24.762,0.59053
58.580,191.0225,343.0678,24.836,0.59312
58.600,191.1362,343.1449,24.733,0.59571
58.620,191.2489,343.2217,24.543,0.59830
58.640,191.3605,343.2982,24.359,0.60090
58.660,191.4708,343.3743,24.119,0.60350
58.680,191.5793,343.4495,23.757,0.60611
58.700,191.6871,343.5246,23.651,0.60872
58.720,191.7939,343.5995,23.489,0.61133
58.740,191.9007,343.6747,23.500,0.61394
58.760,192.0070,343.7501,23.459,0.61656
58.780,192.1134,343.8259,23.526,0.61919
58.800,192.2206,343.9027,23.729,0.62181
58.820,192.3267,343.9792,23.553,0.62444
58.840,192.4325,344.0558,23.507,0.62708
58.860,192.5377,344.1325,23.439,0.62972
58.880,192.6421,344.2090,23.282,0.63236
58.900,192.7452,344.2850,23.067,0.63500
58.920,192.8482,344.3613,23.078,0.63765
58.940,192.9513,344.4381,23.125,0.64030
58.960,193.0539,344.5149,23.075,0.64296
58.980,193.1567,344.5924,23.176,0.64562
59.000,193.2596,344.6703,23.233,0.64828
59.020,193.3631,344.7492,23.415,0.65095
59.040,193.4664,344.8283,23.422,0.65362
59.060,193.5696,344.9078,23.450,0.65629
59.080,193.6735,344.9882,23.652,0.65896
59.100,193.7768,345.0687,23.574,0.66164
59.120,193.8803,345.1497,23.657,0.66433
59.140,193.9843,345.2317,23.836,0.66701
59.160,194.0889,345.3144,23.999,0.66970
59.180,194.1938,345.3980,24.149,0.67239
59.200,194.2990,345.4822,24.261,0.67509
59.220,194.4038,345.5666,24.210,0.67779
59.240,194.5091,345.6518,24.388,0.68049
59.260,194.6138,345.7370,24.297,0.68320
59.280,194.7179,345.8222,24.221,0.68591
59.300,194.8217,345.9076,24.183,0.68862
59.320,194.9256,345.9936,24.281,0.69134
59.340,195.0305,346.0809,24.570,0.69405
59.360,195.1362,346.1694,24.808,0.69678
59.380,195.2426,346.2589,25.038,0.69950
59.400,195.3494,346.3492,25.162,0.70223
59.420,195.4559,346.4399,25.190,0.70496
59.440,195.5616,346.5303,25.034,0.70770
59.460,195.6666,346.6207,24.929,0.71043
59.480,195.7715,346.7114,24.954,0.71317
59.500,195.8774,346.8035,25.262,0.71592
59.520,195.9834,346.8962,25.366,0.71866
59.540,196.0895,346.9896,25.433,0.72141
59.560,196.1958,347.0836,25.538,0.72417
59.580,196.3008,347.1769,25.296,0.72692
59.600,196.4051,347.2702,25.177,0.72968
59.620,196.5094,347.3641,25.270,0.73244
59.640,196.6143,347.4589,25.455,0.73521
59.660,196.7185,347.5537,25.348,0.73797
59.680,196.8229,347.6491,25.449,0.74074
59.700,196.9255,347.7435,25.110,0.74352
59.720,197.0283,347.8386,25.201,0.74629
59.740,197.1319,347.9349,25.458,0.74907
59.760,197.2351,348.0313,25.422,0.75185
59.780,197.3375,348.1276,25.311,0.75464
59.800,197.4416,348.2261,25.792,0.75742
59.820,197.5455,348.3249,25.801,0.76021
59.840,197.6501,348.4249,26.050,0.76301
59.860,197.7540,348.5247,25.933,0.76580
59.880,197.8567,348.6241,25.720,0.76860
59.900,197.9580,348.7226,25.444,0.77140
59.920,198.0598,348.8221,25.624,0.77420
59.940,198.1601,348.9208,25.325,0.77701
59.960,198.2587,349.0183,24.966,0.77982
59.980,198.3566,349.1157,24.856,0.78263
